Tipo,Temp_Aire,Temp_Proceso,Velocidad,Torque,Desgaste,Fallo,Tipo_Fallo,Consumo_Estimado
M,298.9,308.9,1679,28.7,181,0,No Failure,48.18729999999999
H,298.8,308.9,1466,44.1,184,0,No Failure,64.6506
L,298.8,308.9,1527,32.4,189,0,No Failure,49.474799999999995
L,298.9,309.0,1410,65.7,191,1,Power Failure,92.637
M,298.9,309.0,1924,22.6,193,0,No Failure,43.4824
L,298.9,309.1,1452,45.5,196,0,No Failure,66.066
L,298.9,309.1,1369,44.4,198,0,No Failure,60.7836
L,299.0,309.1,1592,35.0,200,0,No Failure,55.72
L,298.9,309.0,1601,32.3,202,0,No Failure,51.7123
L,298.8,308.9,1379,46.7,204,0,No Failure,64.3993
L,298.8,308.9,1461,47.9,206,0,No Failure,69.9819
L,298.8,308.9,1455,41.3,208,1,Tool Wear Failure,60.09149999999999
L,299.0,308.6,1329,60.5,120,0,No Failure,80.4045
M,298.3,308.3,1379,48.0,181,0,No Failure,66.192
L,298.4,308.3,1473,39.9,184,0,No Failure,58.7727
L,298.4,308.3,1422,42.7,186,0,No Failure,60.7194
M,298.4,308.2,1463,37.6,188,0,No Failure,55.0088
M,298.4,308.2,1584,41.0,191,0,No Failure,64.944
L,298.4,308.2,1850,27.0,194,0,No Failure,49.95
L,298.4,308.2,1528,36.2,196,0,No Failure,55.31360000000001
H,298.4,308.2,1987,19.8,198,0,No Failure,39.3426
M,298.4,308.1,1495,46.0,203,0,No Failure,68.77
H,298.4,308.2,1478,43.5,206,0,No Failure,64.293
M,298.4,308.2,1499,40.0,211,0,No Failure,59.96
L,298.4,308.2,1471,47.0,214,0,No Failure,69.137
L,298.4,308.2,1282,60.7,216,1,Overstrain Failure,77.8174
L,298.3,308.1,1412,52.3,218,1,Overstrain Failure,73.84759999999999
L,298.4,308.3,1433,62.3,20,1,Power Failure,89.2759
M,298.4,308.7,1421,60.7,119,1,Power Failure,86.2547
L,298.2,308.4,1512,34.9,181,0,No Failure,52.7688
L,298.2,308.4,1478,42.9,183,0,No Failure,63.4062
M,298.1,308.3,1680,33.7,185,0,No Failure,56.61600000000001
L,298.1,308.3,1495,38.7,188,0,No Failure,57.856500000000004
M,298.0,308.1,1552,36.6,190,0,No Failure,56.803200000000004
L,297.9,308.1,1393,50.3,193,0,No Failure,70.0679
L,298.0,308.2,1611,30.6,195,0,No Failure,49.296600000000005
M,298.0,308.1,1339,51.6,197,0,No Failure,69.09240000000001
L,298.0,308.1,1777,24.3,200,0,No Failure,43.1811
L,298.0,308.2,1348,58.8,202,1,Overstrain Failure,79.2624
L,298.0,308.2,1442,44.1,204,0,No Failure,63.592200000000005
M,298.0,308.2,1395,49.1,206,0,No Failure,68.4945
M,297.9,308.1,1627,31.4,209,0,No Failure,51.087799999999994
L,297.9,308.1,1585,33.5,212,0,No Failure,53.0975
L,298.0,308.2,1469,45.5,214,0,No Failure,66.8395
L,298.0,308.3,1362,56.8,216,1,Overstrain Failure,77.3616
L,298.0,308.3,1405,56.2,218,1,Overstrain Failure,78.961
L,298.1,308.3,1331,63.0,13,0,No Failure,83.853
M,298.1,308.2,1420,63.9,19,1,Power Failure,90.738
L,297.8,308.4,1512,39.9,181,0,No Failure,60.328799999999994
L,297.8,308.4,1612,32.1,183,0,No Failure,51.745200000000004
H,297.8,308.4,1550,38.2,185,0,No Failure,59.21000000000001
L,297.8,308.4,1518,32.5,190,0,No Failure,49.335
L,297.8,308.5,1448,40.0,192,0,No Failure,57.92
L,297.8,308.5,1561,46.3,194,0,No Failure,72.27429999999998
M,297.8,308.5,1488,41.9,196,0,No Failure,62.347199999999994
L,297.8,308.5,1699,27.8,199,0,No Failure,47.232200000000006
L,297.7,308.5,1501,41.4,201,0,No Failure,62.141400000000004
L,297.7,308.5,1373,56.7,203,1,Overstrain Failure,77.8491
H,297.6,308.4,1703,31.4,205,0,No Failure,53.474199999999996
H,297.7,308.5,1720,29.9,210,0,No Failure,51.428
M,297.6,308.4,1398,41.9,215,0,No Failure,58.5762
M,297.6,308.4,1391,51.9,218,0,No Failure,72.1929
L,297.7,308.7,1249,60.4,143,0,No Failure,75.43959999999998
L,297.3,308.6,1273,59.8,182,0,No Failure,76.1254
L,297.3,308.6,1297,45.9,184,0,No Failure,59.53229999999999
L,297.3,308.5,1350,57.6,186,0,No Failure,77.76
L,297.4,308.6,1439,51.9,188,0,No Failure,74.68409999999999
M,297.4,308.5,1600,42.1,190,0,No Failure,67.36
M,297.4,308.6,1434,44.4,193,0,No Failure,63.669599999999996
L,297.4,308.6,1459,41.3,196,0,No Failure,60.256699999999995
M,297.5,308.6,1472,44.9,198,0,No Failure,66.0928
L,297.5,308.7,1429,44.3,201,0,No Failure,63.3047
L,297.5,308.6,1388,48.2,203,0,No Failure,66.9016
L,297.4,308.4,1573,34.5,205,0,No Failure,54.2685
L,297.4,308.4,1588,32.5,207,0,No Failure,51.61
L,297.5,308.4,1511,42.8,209,0,No Failure,64.6708
L,297.4,308.5,1495,37.8,211,0,No Failure,56.510999999999996
L,297.4,308.4,1394,50.1,213,0,No Failure,69.83940000000001
L,297.5,308.6,1208,62.3,28,0,No Failure,75.2584
L,297.4,308.5,1399,61.5,61,1,Power Failure,86.0385
M,297.4,309.1,1463,35.0,183,0,No Failure,51.205
L,297.4,309.2,1584,42.8,186,0,No Failure,67.7952
M,297.5,309.2,1347,55.8,188,0,No Failure,75.1626
L,297.4,309.2,1459,37.9,191,0,No Failure,55.296099999999996
L,297.4,309.2,1420,45.6,193,0,No Failure,64.752
L,297.5,309.3,1404,43.5,195,0,No Failure,61.074
L,297.5,309.3,1470,38.8,197,0,No Failure,57.035999999999994
L,297.6,309.4,1326,49.8,199,0,No Failure,66.0348
H,297.5,309.3,1459,49.7,201,0,No Failure,72.5123
M,297.5,309.2,1530,40.0,206,0,No Failure,61.2
L,297.4,309.0,1505,39.2,209,0,No Failure,58.99600000000001
L,297.5,309.1,1611,30.2,211,0,No Failure,48.6522
L,297.5,309.1,1515,35.1,213,0,No Failure,53.1765
M,297.5,309.2,1804,27.4,215,0,No Failure,49.4296
M,297.6,309.3,1464,46.2,218,0,No Failure,67.63680000000001
L,297.6,309.2,1390,43.3,221,0,No Failure,60.18699999999999
L,297.8,309.9,1351,49.0,181,0,No Failure,66.199
L,297.9,309.9,1472,45.0,183,0,No Failure,66.24
M,297.9,310.0,1439,41.7,185,0,No Failure,60.0063
M,297.9,309.9,1410,55.4,188,0,No Failure,78.114
H,297.7,309.7,1440,51.1,191,0,No Failure,73.584
L,297.7,309.7,1591,37.7,196,0,No Failure,59.980700000000006
L,297.8,309.8,1533,36.8,198,0,No Failure,56.41439999999999
M,297.8,309.7,1700,31.3,200,0,No Failure,53.21
M,297.8,309.8,1798,25.5,203,0,No Failure,45.849
L,297.8,309.7,1394,42.9,206,0,No Failure,59.8026
L,297.8,309.7,1341,49.2,208,0,No Failure,65.9772
H,297.7,309.6,1697,32.2,210,0,No Failure,54.6434
H,297.6,309.6,1419,48.2,215,0,No Failure,68.39580000000001
L,297.6,309.5,2001,20.5,220,0,No Failure,41.0205
L,297.6,309.6,1501,49.8,222,1,Overstrain Failure,74.74980000000001
H,297.6,309.5,1623,33.1,224,0,No Failure,53.7213
L,297.6,309.4,1628,33.4,229,0,No Failure,54.3752
L,297.6,309.4,1491,40.2,231,0,No Failure,59.9382
L,297.5,309.4,1517,36.7,233,0,No Failure,55.6739
H,297.5,309.3,1525,41.7,235,0,No Failure,63.59250000000001
H,297.5,309.5,1668,27.9,240,0,No Failure,46.5372
L,297.9,309.8,1336,71.6,31,1,Power Failure,95.65759999999999
M,297.6,308.9,1479,38.1,182,0,No Failure,56.3499
L,297.5,308.9,1469,44.0,185,0,No Failure,64.636
L,297.5,308.9,1390,47.4,187,0,No Failure,65.886
L,297.5,308.9,1729,28.1,189,0,No Failure,48.584900000000005
L,297.5,309.0,1470,43.5,191,0,No Failure,63.945
L,297.5,308.9,1459,48.5,193,0,No Failure,70.7615
L,297.5,308.9,1738,24.0,195,0,No Failure,41.712
H,297.5,308.9,1471,37.7,197,0,No Failure,55.456700000000005
L,297.6,309.0,1822,25.4,202,0,No Failure,46.2788
L,297.5,308.9,1554,34.8,204,0,No Failure,54.0792
M,297.6,308.9,1433,43.2,206,0,No Failure,61.90560000000001
L,297.6,308.9,1449,47.7,209,0,No Failure,69.1173
M,297.8,309.2,1295,61.2,12,0,No Failure,79.254
L,296.8,308.3,1506,45.9,182,0,No Failure,69.1254
L,296.9,308.4,1390,41.8,184,0,No Failure,58.10199999999999
M,296.9,308.4,1450,46.9,186,0,No Failure,68.005
L,296.9,308.3,1513,38.8,189,0,No Failure,58.70439999999999
L,296.8,308.2,1643,34.7,191,0,No Failure,57.012100000000004
L,296.8,308.2,1361,53.8,193,0,No Failure,73.2218
L,296.7,308.1,1450,40.9,195,0,No Failure,59.305
L,296.7,308.0,1451,50.7,197,0,No Failure,73.56569999999999
L,296.8,308.1,1289,62.0,199,1,Overstrain Failure,79.918
L,296.8,308.1,1356,48.3,201,0,No Failure,65.4948
H,296.7,308.1,1528,46.3,203,0,No Failure,70.7464
L,296.6,308.0,1978,22.3,208,0,No Failure,44.1094
L,296.7,308.0,1535,36.8,210,0,No Failure,56.48799999999999
M,296.8,308.1,1843,24.2,212,0,No Failure,44.6006
L,296.9,308.1,1422,48.7,215,0,No Failure,69.2514
L,296.8,308.0,1536,40.4,217,0,No Failure,62.054399999999994
M,296.9,308.1,1483,44.3,219,0,No Failure,65.6969
H,296.8,308.1,1492,43.7,222,0,No Failure,65.2004
L,296.8,308.0,1584,40.4,227,0,No Failure,63.9936
L,296.9,308.1,1555,33.7,229,0,No Failure,52.40350000000001
L,296.8,308.0,1497,41.7,231,0,No Failure,62.4249
M,296.7,307.8,1537,36.3,233,0,No Failure,55.793099999999995
L,296.7,307.8,1505,39.4,236,0,No Failure,59.297
L,296.7,307.8,1646,34.6,238,0,No Failure,56.951600000000006
M,296.7,307.8,1286,60.5,0,0,No Failure,77.803
M,296.7,307.4,1533,32.5,182,0,No Failure,49.8225
L,296.6,307.4,1368,45.1,185,0,No Failure,61.6968
L,296.6,307.4,1465,47.8,187,0,No Failure,70.027
H,296.6,307.4,1406,41.5,189,0,No Failure,58.349
M,296.5,307.4,1565,43.5,194,0,No Failure,68.0775
L,296.6,307.5,1582,37.9,197,0,No Failure,59.9578
L,296.6,307.5,1439,45.5,199,0,No Failure,65.4745
M,296.6,307.5,1566,35.0,201,0,No Failure,54.81
L,296.6,307.5,1485,42.7,204,0,No Failure,63.40950000000001
L,296.5,307.5,1566,35.1,206,0,No Failure,54.96660000000001
L,296.3,307.3,1439,41.5,208,0,No Failure,59.7185
M,296.4,307.4,1416,50.0,210,0,No Failure,70.8
L,296.4,307.4,2833,5.6,213,1,Power Failure,15.864799999999999
L,296.3,307.4,1465,47.1,215,0,No Failure,69.0015
M,295.8,306.3,1235,76.2,89,1,Power Failure,94.107
H,295.6,306.1,1256,62.3,142,0,No Failure,78.2488
M,295.4,305.8,1526,38.2,181,0,No Failure,58.293200000000006
M,295.3,305.8,1589,36.2,184,0,No Failure,57.521800000000006
L,295.3,305.7,1475,51.0,187,0,No Failure,75.225
M,295.3,305.7,1473,38.5,189,0,No Failure,56.7105
L,295.4,305.8,1407,50.7,192,0,No Failure,71.3349
M,295.5,305.9,1518,44.1,194,0,No Failure,66.9438
H,295.5,305.9,1593,37.2,197,0,No Failure,59.259600000000006
M,295.5,305.9,1380,52.4,202,0,No Failure,72.312
M,295.5,306.0,1423,45.3,205,0,No Failure,64.4619
L,295.5,306.0,1800,27.6,208,0,No Failure,49.68
H,295.6,306.1,1623,30.9,210,0,No Failure,50.1507
L,295.6,306.1,1372,55.6,215,1,Overstrain Failure,76.2832
L,295.6,306.2,1263,61.8,27,0,No Failure,78.0534
M,296.2,307.2,1168,63.4,172,0,No Failure,74.0512
M,296.4,307.2,2071,19.4,183,0,No Failure,40.17739999999999
L,296.3,307.1,1560,33.2,186,0,No Failure,51.79200000000001
L,296.3,307.1,1654,29.6,188,0,No Failure,48.958400000000005
L,296.3,307.1,1662,32.9,190,0,No Failure,54.67979999999999
L,296.3,307.2,1646,35.0,192,0,No Failure,57.61
L,296.2,307.1,1444,46.7,194,0,No Failure,67.43480000000001
H,296.3,307.2,1424,42.0,196,0,No Failure,59.808
L,296.2,307.2,1382,52.0,201,0,No Failure,71.864
L,296.2,307.1,1413,53.4,203,0,No Failure,75.4542
M,296.3,307.2,1319,68.3,24,1,Power Failure,90.0877
H,296.9,307.7,1656,30.8,181,0,No Failure,51.0048
L,297.0,307.7,1731,28.5,186,0,No Failure,49.3335
L,297.0,307.8,1774,28.0,188,0,No Failure,49.672
L,297.0,307.8,1521,40.2,190,0,No Failure,61.144200000000005
H,297.1,307.9,1420,39.8,192,0,No Failure,56.51599999999999
L,297.0,307.8,1683,32.3,197,0,No Failure,54.360899999999994
M,297.0,307.7,1498,47.1,199,0,No Failure,70.5558
L,297.0,307.8,1385,56.4,202,1,Overstrain Failure,78.114
L,297.0,307.9,1455,49.0,204,0,No Failure,71.295
H,296.9,307.8,1549,35.8,206,1,Tool Wear Failure,55.4542
H,296.6,307.7,1386,62.3,100,1,Power Failure,86.3478
M,296.7,307.8,1258,69.0,105,1,Power Failure,86.802
L,296.8,307.9,1271,61.4,125,0,No Failure,78.0394
L,297.0,307.9,1296,69.1,153,1,Power Failure,89.55359999999999
H,297.0,307.8,1404,40.7,184,0,No Failure,57.1428
L,297.0,307.8,1583,37.2,189,0,No Failure,58.887600000000006
L,297.0,307.9,1436,47.7,191,0,No Failure,68.49719999999999
L,297.0,307.8,1609,35.6,193,0,No Failure,57.2804
H,297.0,307.7,1834,23.8,195,0,No Failure,43.64920000000001
L,297.0,307.8,1316,61.2,200,1,Overstrain Failure,80.5392
L,296.9,307.8,1400,57.1,202,1,Overstrain Failure,79.94
L,296.9,307.9,1367,47.1,204,0,No Failure,64.3857
L,297.1,308.1,1754,30.3,206,0,No Failure,53.14620000000001
L,297.1,308.1,1487,34.6,208,0,No Failure,51.4502
M,297.1,308.1,1506,37.7,210,0,No Failure,56.7762
L,297.0,308.1,1362,52.5,213,1,Overstrain Failure,71.505
L,297.1,308.1,1584,36.8,215,0,No Failure,58.291199999999996
L,297.0,308.1,1355,43.7,217,0,No Failure,59.21350000000001
M,297.1,308.1,1823,24.3,219,0,No Failure,44.2989
H,297.0,308.1,1517,41.4,222,0,No Failure,62.803799999999995
L,297.1,308.1,1446,36.6,227,0,No Failure,52.9236
H,297.1,308.0,1559,38.8,229,0,No Failure,60.4892
L,297.3,308.5,1398,60.4,12,0,No Failure,84.4392
M,297.1,308.4,1502,37.3,181,0,No Failure,56.0246
M,297.1,308.4,1615,32.6,184,0,No Failure,52.649
H,297.2,308.5,1482,39.3,187,0,No Failure,58.242599999999996
L,297.2,308.6,1636,31.3,192,0,No Failure,51.2068
M,297.1,308.5,1621,32.4,194,0,No Failure,52.520399999999995
L,297.1,308.4,1468,44.4,197,0,No Failure,65.1792
M,297.1,308.4,1432,53.4,199,0,No Failure,76.4688
L,297.1,308.4,1726,28.4,202,0,No Failure,49.01839999999999
M,297.1,308.4,1588,33.4,204,0,No Failure,53.039199999999994
H,297.2,308.5,1653,33.3,207,0,No Failure,55.04489999999999
L,297.2,308.5,1513,42.9,212,0,No Failure,64.90769999999999
L,297.2,308.6,1489,40.2,214,0,No Failure,59.857800000000005
L,297.3,308.7,1467,36.8,216,0,No Failure,53.9856
L,297.3,308.7,1549,36.1,218,0,No Failure,55.9189
M,297.4,308.8,1359,48.7,220,0,No Failure,66.1833
L,297.5,308.8,1533,41.5,223,0,No Failure,63.6195
M,298.0,309.4,1276,65.9,50,0,No Failure,84.08840000000001
M,299.0,310.3,1540,38.1,182,0,No Failure,58.674
L,298.9,310.2,1362,53.0,185,0,No Failure,72.186
H,298.9,310.1,1452,49.9,187,0,No Failure,72.4548
L,298.9,310.1,1361,51.7,192,0,No Failure,70.3637
M,298.8,310.1,1243,74.5,194,1,Power Failure,92.6035
H,298.8,310.1,1567,36.8,197,0,No Failure,57.6656
L,298.9,310.2,1411,46.5,202,0,No Failure,65.6115
L,298.8,310.2,1814,26.8,204,0,No Failure,48.6152
M,298.8,310.1,1719,28.8,206,0,No Failure,49.507200000000005
H,298.8,310.2,1663,30.4,209,0,No Failure,50.5552
L,298.9,310.2,1696,30.2,214,0,No Failure,51.219199999999994
H,298.9,310.2,1771,26.8,216,0,No Failure,47.4628
L,299.0,310.3,1868,24.0,221,0,No Failure,44.832
M,299.0,310.3,1558,35.4,223,0,No Failure,55.1532
L,299.0,310.4,1365,49.1,226,1,Overstrain Failure,67.0215
L,299.0,310.4,1371,53.8,228,1,Overstrain Failure,73.7598
L,298.9,310.3,1583,32.6,230,0,No Failure,51.6058
H,298.9,310.1,1366,62.7,161,0,No Failure,85.6482
L,298.9,310.1,1442,48.0,181,0,No Failure,69.216
L,298.9,310.0,1564,33.8,183,0,No Failure,52.8632
L,298.9,310.0,1452,48.9,185,0,No Failure,71.00280000000001
L,298.9,310.1,1466,42.5,187,0,No Failure,62.305
M,298.9,310.1,1469,53.2,189,0,No Failure,78.1508
L,298.9,310.1,1944,23.4,192,0,No Failure,45.489599999999996
M,298.8,309.9,1415,53.2,194,0,No Failure,75.278
M,298.7,309.8,1528,36.7,197,0,No Failure,56.077600000000004
M,298.7,309.8,1570,42.1,200,0,No Failure,66.097
L,298.7,309.9,1617,33.0,203,0,No Failure,53.361
M,298.7,309.9,2083,18.2,205,0,No Failure,37.910599999999995
L,298.7,309.9,1541,38.5,208,0,No Failure,59.3285
L,298.8,309.9,1320,47.4,210,0,No Failure,62.568
L,298.7,309.8,1354,53.3,212,1,Overstrain Failure,72.1682
M,298.8,309.9,1495,35.2,214,0,No Failure,52.62400000000001
L,298.7,309.8,1589,31.8,217,0,No Failure,50.53020000000001
M,298.5,309.5,1366,61.9,130,0,No Failure,84.55539999999999
M,298.2,309.2,1332,60.2,147,0,No Failure,80.1864
M,298.0,308.7,1377,48.5,181,0,No Failure,66.7845
H,297.9,308.5,1383,44.6,184,0,No Failure,61.6818
L,298.0,308.7,1268,69.4,189,1,Power Failure,87.99920000000002
L,298.0,308.7,1629,34.3,191,0,No Failure,55.8747
L,298.0,308.8,1790,27.2,193,0,No Failure,48.688
M,298.1,308.8,2206,16.3,195,0,No Failure,35.957800000000006
M,298.0,308.7,2101,17.4,198,0,No Failure,36.557399999999994
M,298.0,308.7,1436,48.2,201,0,No Failure,69.2152
L,298.0,308.7,1462,48.2,204,0,No Failure,70.4684
L,298.0,308.7,1771,26.2,206,0,No Failure,46.4002
L,298.0,308.7,1506,47.0,208,0,No Failure,70.782
L,298.0,308.7,1626,36.7,210,0,No Failure,59.674200000000006
L,298.0,308.8,1610,33.7,212,0,No Failure,54.257000000000005
M,298.0,308.6,1376,55.7,214,0,No Failure,76.6432
M,298.0,308.6,1507,37.3,217,0,No Failure,56.2111
L,298.0,308.5,1429,37.7,220,1,Tool Wear Failure,53.8733
M,298.2,308.3,1560,33.0,181,0,No Failure,51.48
H,298.1,308.3,1530,42.0,184,0,No Failure,64.26
L,298.2,308.4,1310,61.0,189,1,Overstrain Failure,79.91
M,298.2,308.3,1639,33.3,191,0,No Failure,54.5787
L,298.2,308.3,1400,48.7,194,0,No Failure,68.18
M,298.3,308.4,1486,44.2,196,0,No Failure,65.6812
M,298.2,308.3,1448,43.3,199,0,No Failure,62.69839999999999
L,298.2,308.3,1688,32.0,202,0,No Failure,54.016
M,298.1,308.3,1453,41.5,204,0,No Failure,60.2995
L,298.2,308.4,1497,37.7,207,0,No Failure,56.4369
L,298.2,308.4,1355,49.4,209,0,No Failure,66.937
L,298.1,308.4,1592,38.2,211,0,No Failure,60.8144
L,298.0,308.3,1544,34.7,213,0,No Failure,53.576800000000006
M,298.0,308.2,1373,51.2,215,0,No Failure,70.2976
L,298.0,308.2,1365,52.9,218,1,Overstrain Failure,72.2085
L,297.9,308.0,1296,62.9,41,0,No Failure,81.5184
L,298.2,308.1,1379,62.3,149,0,No Failure,85.9117
H,298.2,307.9,1491,39.7,181,0,No Failure,59.1927
L,298.2,307.9,1551,36.0,186,0,No Failure,55.836
L,298.2,307.9,1769,27.2,188,0,No Failure,48.1168
L,298.2,307.9,1551,34.1,190,0,No Failure,52.889100000000006
L,298.2,307.9,1544,31.4,192,0,No Failure,48.4816
L,298.2,307.8,1528,31.1,194,0,No Failure,47.5208
L,298.1,307.9,1614,35.8,196,0,No Failure,57.7812
L,298.1,307.8,1432,49.8,198,0,No Failure,71.3136
M,298.1,307.8,1384,43.7,200,0,No Failure,60.4808
L,298.1,307.8,1540,37.8,203,0,No Failure,58.211999999999996
L,298.0,307.7,1407,43.9,205,0,No Failure,61.7673
H,297.9,307.6,1418,43.0,207,0,No Failure,60.974
M,297.9,307.5,1647,30.8,212,0,No Failure,50.727599999999995
L,298.0,307.5,1644,32.8,215,0,No Failure,53.923199999999994
L,298.0,307.5,1792,27.9,217,0,No Failure,49.99679999999999
M,297.9,307.4,1610,34.6,219,0,No Failure,55.706
M,297.8,307.3,1804,26.0,222,0,No Failure,46.904
H,297.9,307.4,1604,36.1,225,1,Tool Wear Failure,57.9044
M,298.0,307.4,1463,46.5,182,0,No Failure,68.0295
L,298.0,307.3,1424,46.5,185,0,No Failure,66.216
M,298.1,307.4,1363,60.1,187,0,No Failure,81.9163
M,298.1,307.4,1335,56.2,190,0,No Failure,75.027
L,298.1,307.4,1608,33.9,193,0,No Failure,54.511199999999995
H,298.0,307.4,1606,35.2,195,0,No Failure,56.531200000000005
L,298.1,307.5,1684,33.1,200,0,No Failure,55.7404
L,298.1,307.6,1950,20.3,202,0,No Failure,39.585
H,298.2,307.6,1460,48.6,204,0,No Failure,70.956
L,298.2,307.6,1511,31.0,209,1,Tool Wear Failure,46.841
L,298.2,307.9,1313,67.3,67,1,Power Failure,88.36489999999999
M,297.8,307.4,1330,51.7,183,0,No Failure,68.761
L,297.8,307.3,1327,61.0,186,1,Overstrain Failure,80.947
L,297.8,307.2,1498,38.1,188,0,No Failure,57.073800000000006
H,297.8,307.3,1555,35.8,190,0,No Failure,55.66899999999999
L,297.7,307.2,1518,35.8,195,0,No Failure,54.34439999999999
L,297.7,307.2,1392,43.0,197,0,No Failure,59.856
M,297.8,307.2,1456,39.6,199,0,No Failure,57.657599999999995
H,297.7,307.3,1249,62.8,47,0,No Failure,78.43719999999999
L,298.3,308.0,1242,62.0,98,0,No Failure,77.004
L,297.9,307.6,1977,20.2,182,0,No Failure,39.9354
L,298.0,307.7,1435,45.6,184,0,No Failure,65.436
H,298.0,307.7,1547,36.8,186,0,No Failure,56.9296
M,298.1,307.8,1316,57.2,191,0,No Failure,75.2752
M,298.0,307.7,1621,34.9,194,0,No Failure,56.5729
M,298.0,307.8,1492,40.2,197,0,No Failure,59.9784
L,298.0,307.7,1643,32.3,200,0,No Failure,53.06889999999999
L,298.0,307.7,1492,38.7,202,0,No Failure,57.7404
L,298.0,307.7,1387,50.8,204,0,No Failure,70.4596
M,298.1,307.9,1463,47.3,206,0,No Failure,69.1999
L,298.0,307.8,1266,60.5,81,0,No Failure,76.593
M,297.9,307.6,1202,67.0,129,0,No Failure,80.534
L,298.2,307.9,1785,23.4,181,0,No Failure,41.769
L,298.2,307.8,1423,48.1,183,0,No Failure,68.44630000000001
M,298.2,307.8,1583,36.6,185,0,No Failure,57.9378
L,298.2,307.8,1375,46.6,188,0,No Failure,64.075
M,298.3,308.0,1463,42.5,190,0,No Failure,62.1775
M,298.2,307.9,1403,45.1,193,0,No Failure,63.2753
L,298.3,308.0,1451,47.1,196,0,No Failure,68.3421
M,298.4,308.0,1416,38.2,198,1,Tool Wear Failure,54.09120000000001
L,298.6,308.3,1278,60.5,32,0,No Failure,77.319
L,298.5,308.2,1301,66.3,42,1,Power Failure,86.2563
L,298.8,308.6,1331,62.8,81,0,No Failure,83.5868
L,299.5,309.3,1382,61.0,140,0,No Failure,84.302
L,299.7,309.5,1352,49.7,184,0,No Failure,67.1944
M,299.7,309.6,1313,60.0,186,0,No Failure,78.78
L,299.6,309.5,1570,35.5,189,0,Random Failures,55.735
L,299.6,309.4,1677,31.1,191,0,No Failure,52.154700000000005
L,299.5,309.4,1602,31.5,193,0,No Failure,50.463
L,299.5,309.4,1390,58.8,195,1,Overstrain Failure,81.732
L,299.4,309.3,1544,36.0,197,0,No Failure,55.584
L,299.4,309.4,1701,31.2,199,0,No Failure,53.0712
M,299.4,309.3,1692,28.4,201,0,No Failure,48.0528
M,299.3,309.3,1523,37.9,204,0,No Failure,57.7217
L,299.3,309.2,2280,15.4,207,0,No Failure,35.112
M,299.4,309.3,1485,47.1,209,0,No Failure,69.9435
H,299.4,309.2,1513,36.1,212,0,No Failure,54.6193
L,299.3,309.3,1325,62.0,47,0,No Failure,82.15
L,299.3,308.9,1258,69.4,119,1,Power Failure,87.30520000000001
L,299.3,308.9,1376,60.3,163,0,No Failure,82.9728
M,299.3,308.7,1289,51.5,185,0,No Failure,66.3835
M,299.3,308.8,1648,28.4,188,0,No Failure,46.8032
H,299.3,308.8,1397,45.4,191,0,No Failure,63.42379999999999
M,299.3,308.9,1767,24.8,196,0,No Failure,43.8216
L,299.3,308.8,1341,47.7,199,0,No Failure,63.965700000000005
M,299.4,308.9,1457,41.5,201,0,No Failure,60.4655
M,299.4,309.0,1939,19.8,204,0,No Failure,38.3922
M,299.5,309.0,1399,49.7,207,0,No Failure,69.5303
M,299.5,309.0,1602,31.3,210,0,No Failure,50.1426
L,299.4,309.0,1507,41.0,213,0,No Failure,61.787
L,299.4,309.1,1464,40.5,215,0,No Failure,59.292
L,299.5,309.1,1336,42.1,217,0,No Failure,56.245599999999996
L,299.6,309.2,1422,39.8,219,0,No Failure,56.5956
L,299.6,309.2,1540,36.7,221,0,No Failure,56.51800000000001
L,299.5,309.1,1476,47.8,223,0,No Failure,70.5528
M,299.6,309.2,1867,23.4,225,1,Tool Wear Failure,43.687799999999996
M,299.5,309.2,1314,61.8,45,0,No Failure,81.20519999999999
M,299.6,309.0,1245,64.0,120,0,No Failure,79.68
L,299.6,309.0,1372,60.4,149,0,No Failure,82.86880000000001
L,299.4,308.6,1492,40.5,181,0,No Failure,60.426
M,299.4,308.6,1455,42.7,183,0,No Failure,62.12850000000001
M,299.3,308.5,1422,43.1,186,0,No Failure,61.2882
L,299.3,308.6,1403,50.6,189,0,No Failure,70.9918
L,299.3,308.6,1474,49.6,191,0,No Failure,73.11040000000001
L,299.2,308.6,1381,50.0,193,0,No Failure,69.05
L,299.2,308.5,1457,44.7,195,0,No Failure,65.1279
L,299.2,308.4,1711,28.9,197,0,No Failure,49.4479
L,299.2,308.4,1667,29.0,199,0,No Failure,48.343
L,299.2,308.4,1465,35.0,201,0,No Failure,51.275
M,299.3,308.4,1542,37.5,203,1,Tool Wear Failure,57.825
M,299.3,308.5,1304,60.6,8,0,No Failure,79.0224
L,299.1,308.2,1319,60.3,36,0,No Failure,79.53569999999999
L,299.2,308.5,1381,60.6,59,0,No Failure,83.68860000000001
M,299.4,308.7,1289,60.5,104,0,No Failure,77.9845
L,299.4,308.7,1446,62.9,134,1,Power Failure,90.95339999999999
L,299.2,308.8,1605,31.1,181,0,No Failure,49.9155
L,299.2,308.8,1405,51.4,183,0,No Failure,72.217
M,299.2,308.8,1700,33.5,185,0,No Failure,56.95
H,299.2,308.8,1440,39.1,188,0,No Failure,56.304
M,299.2,308.8,1314,52.5,193,0,No Failure,68.985
L,299.2,308.7,1514,41.9,196,0,No Failure,63.4366
M,299.2,308.7,1401,47.0,198,0,No Failure,65.847
L,299.3,308.8,1636,29.9,201,0,No Failure,48.916399999999996
L,299.3,308.8,1603,33.9,203,0,No Failure,54.341699999999996
M,299.4,308.7,1487,52.6,205,0,No Failure,78.2162
M,299.3,308.7,1420,50.3,208,0,No Failure,71.426
L,299.3,308.7,1579,36.3,211,0,No Failure,57.317699999999995
L,299.3,308.7,1484,40.5,213,0,No Failure,60.102
M,299.3,308.7,1390,49.3,215,0,No Failure,68.527
L,299.3,308.6,1384,53.6,218,1,Overstrain Failure,74.18240000000002
L,299.2,308.5,1378,50.4,220,1,Overstrain Failure,69.4512
L,299.2,308.5,1445,45.2,222,0,No Failure,65.31400000000001
L,299.2,308.4,1445,43.5,224,0,No Failure,62.8575
L,299.1,308.3,1305,61.4,17,0,No Failure,80.127
M,299.3,308.5,1305,60.6,44,0,No Failure,79.083
L,299.0,308.1,1242,60.9,117,0,No Failure,75.6378
L,299.1,308.7,1498,38.9,181,0,No Failure,58.2722
L,299.1,308.6,1437,41.6,183,0,No Failure,59.7792
M,299.1,308.6,1499,45.1,185,0,No Failure,67.60490000000001
L,299.0,308.4,1356,52.6,188,0,No Failure,71.32560000000001
L,299.1,308.5,1539,46.8,190,0,No Failure,72.0252
L,299.1,308.5,1689,32.1,192,0,No Failure,54.2169
L,299.0,308.5,1559,38.1,194,0,No Failure,59.3979
L,299.1,308.6,1408,46.7,196,0,No Failure,65.7536
L,299.0,308.5,1886,23.0,198,0,No Failure,43.378
M,298.9,308.2,1372,63.6,30,1,Power Failure,87.25919999999999
L,299.2,308.6,1267,68.2,76,1,Power Failure,86.4094
L,298.9,308.7,1356,50.7,185,0,No Failure,68.7492
H,298.9,308.7,1500,41.6,187,0,No Failure,62.4
H,299.1,308.8,1566,46.6,192,0,No Failure,72.9756
L,299.1,308.9,1445,43.4,197,0,No Failure,62.713
H,299.0,308.8,1382,58.5,199,0,No Failure,80.847
M,299.0,308.8,1418,45.7,204,0,No Failure,64.80260000000001
L,299.1,308.8,1329,53.6,207,1,Overstrain Failure,71.23440000000001
M,299.1,308.8,1491,41.0,209,0,No Failure,61.131
M,299.2,308.9,1573,37.4,212,0,No Failure,58.8302
M,299.2,308.9,1521,42.3,215,0,No Failure,64.33829999999999
L,299.1,308.9,1467,47.2,218,0,No Failure,69.2424
M,299.1,308.9,1325,48.4,220,0,No Failure,64.13
L,299.1,308.9,1617,32.3,223,0,No Failure,52.229099999999995
M,299.1,308.9,1476,42.7,225,0,No Failure,63.025200000000005
L,299.2,309.0,1515,48.9,228,1,Overstrain Failure,74.0835
M,299.4,309.1,1326,62.0,142,0,No Failure,82.212
L,299.5,309.3,1523,41.5,181,0,No Failure,63.2045
L,299.5,309.4,1563,41.5,183,0,No Failure,64.8645
L,299.4,309.3,1391,46.6,185,0,No Failure,64.8206
L,299.3,309.1,1795,24.7,187,0,No Failure,44.3365
L,299.3,309.1,1293,53.7,189,0,No Failure,69.4341
L,299.2,309.1,1345,60.7,191,1,Overstrain Failure,81.6415
L,299.2,309.0,1615,33.7,193,0,No Failure,54.42550000000001
L,299.2,308.9,1342,50.8,195,0,No Failure,68.1736
L,299.1,308.8,1502,46.7,197,0,No Failure,70.14340000000001
M,299.0,308.7,1620,35.4,199,0,No Failure,57.348
L,299.0,308.7,1537,42.8,202,0,No Failure,65.78359999999999
L,299.0,308.7,2248,16.8,204,0,No Failure,37.766400000000004
L,299.0,308.7,1706,28.6,206,0,No Failure,48.7916
L,299.0,308.7,2250,16.6,208,0,No Failure,37.35
L,299.1,308.8,1320,67.5,20,1,Power Failure,89.1
L,299.4,309.1,1207,66.5,66,0,No Failure,80.2655
M,299.6,309.4,1283,62.1,83,0,No Failure,79.6743
L,299.9,309.6,1254,61.3,124,0,No Failure,76.8702
L,300.0,309.4,1395,44.5,181,0,No Failure,62.0775
H,299.8,309.3,1595,32.1,183,0,No Failure,51.1995
L,299.8,309.3,1291,56.4,188,0,No Failure,72.8124
M,299.9,309.4,1509,42.8,190,0,No Failure,64.5852
M,299.9,309.4,1483,38.1,193,0,No Failure,56.502300000000005
L,299.9,309.3,1620,31.1,196,0,No Failure,50.382
M,299.9,309.4,1487,42.2,198,0,No Failure,62.751400000000004
L,299.8,309.4,2256,15.9,201,0,No Failure,35.870400000000004
H,299.7,309.2,1691,27.7,203,0,No Failure,46.8407
M,299.8,309.3,1663,35.2,208,0,No Failure,58.537600000000005
M,299.8,309.3,1640,31.1,211,0,No Failure,51.004
H,299.7,309.3,1494,37.8,214,0,No Failure,56.4732
L,299.8,309.4,1467,46.2,219,0,No Failure,67.7754
M,299.7,309.3,1399,41.9,221,1,Tool Wear Failure,58.6181
L,299.9,309.4,1363,60.9,57,0,No Failure,83.0067
L,299.7,309.2,1326,64.8,71,0,No Failure,85.9248
H,299.7,309.2,1456,40.6,182,0,No Failure,59.1136
L,299.7,309.1,1417,50.1,187,0,No Failure,70.9917
M,299.7,309.1,1851,24.7,189,0,No Failure,45.719699999999996
L,299.7,309.1,1715,27.8,192,0,No Failure,47.677
H,299.6,309.1,1630,32.3,194,0,No Failure,52.648999999999994
L,299.7,309.2,1478,38.8,199,0,No Failure,57.346399999999996
L,299.7,309.2,1781,29.6,201,0,No Failure,52.717600000000004
L,299.8,309.2,1439,36.1,203,0,No Failure,51.947900000000004
M,299.7,309.2,1412,45.3,205,0,No Failure,63.9636
L,299.7,309.1,1483,41.1,208,0,No Failure,60.9513
L,299.8,309.2,1400,42.6,210,0,No Failure,59.64
L,299.8,309.3,1299,65.1,212,1,Overstrain Failure,84.5649
L,299.8,309.2,1479,44.4,214,0,No Failure,65.6676
L,299.8,309.2,1491,47.5,216,0,No Failure,70.8225
M,300.3,309.5,1320,62.2,142,0,No Failure,82.104
M,300.4,309.4,1362,42.1,182,0,No Failure,57.3402
H,300.4,309.4,1487,38.9,185,0,No Failure,57.8443
L,300.3,309.4,1705,29.4,190,0,No Failure,50.127
L,300.3,309.3,1345,53.5,192,0,No Failure,71.9575
L,300.3,309.2,1532,40.2,194,0,No Failure,61.586400000000005
L,300.3,309.2,1650,35.2,196,0,No Failure,58.080000000000005
L,300.3,309.2,1398,54.4,198,0,No Failure,76.0512
L,300.3,309.2,1412,44.8,200,0,No Failure,63.2576
L,300.4,309.3,1525,39.6,202,0,No Failure,60.39
M,300.3,309.3,1391,57.9,204,0,No Failure,80.5389
L,300.4,309.3,1766,28.2,207,0,No Failure,49.801199999999994
L,300.4,309.3,1671,35.0,209,0,No Failure,58.485
L,300.5,309.3,1373,48.8,211,0,No Failure,67.0024
M,300.5,309.4,1347,50.1,213,0,No Failure,67.4847
M,300.5,309.3,1539,39.1,216,0,No Failure,60.1749
L,300.5,309.3,1470,40.8,219,0,No Failure,59.97599999999999
L,300.5,309.3,1528,37.0,221,0,No Failure,56.536
H,300.5,309.3,1471,45.2,223,0,No Failure,66.4892
M,300.4,309.2,1528,37.2,228,0,No Failure,56.84160000000001
L,300.5,309.3,1417,51.5,231,1,Overstrain Failure,72.9755
L,300.6,309.4,1549,43.4,233,0,No Failure,67.22659999999999
H,300.6,309.4,1463,49.2,235,0,No Failure,71.9796
L,300.7,309.5,1479,43.6,240,0,No Failure,64.48440000000001
L,300.6,309.5,1867,23.0,242,0,No Failure,42.941
L,300.6,309.4,1471,44.1,244,0,No Failure,64.8711
H,300.6,309.4,1380,47.6,246,1,Tool Wear Failure,65.688
M,300.6,309.4,1367,63.2,45,1,Power Failure,86.3944
L,300.5,309.5,1255,62.1,138,0,No Failure,77.9355
L,300.9,309.7,1460,42.1,181,0,No Failure,61.466
M,300.8,309.7,1751,27.9,183,0,No Failure,48.85289999999999
M,300.8,309.6,1546,42.3,186,0,No Failure,65.3958
M,300.8,309.7,1680,28.2,189,0,No Failure,47.376
M,300.9,309.7,1394,48.8,192,0,No Failure,68.0272
L,300.7,309.6,1810,26.0,195,0,No Failure,47.06
L,300.7,309.5,1479,34.5,197,0,No Failure,51.0255
L,300.9,309.7,1431,41.4,199,0,No Failure,59.2434
L,300.9,309.7,2355,14.4,201,0,No Failure,33.912
M,300.7,309.6,1996,19.8,203,1,Tool Wear Failure,39.5208
L,300.5,309.8,1345,62.7,153,0,No Failure,84.3315
L,300.5,309.7,1395,61.0,157,0,No Failure,85.095
H,300.5,309.8,1324,72.8,159,1,Power Failure,96.38719999999999
M,300.4,309.7,1547,38.0,181,0,No Failure,58.786
M,300.4,309.7,1466,39.8,184,0,No Failure,58.346799999999995
L,300.3,309.6,1537,37.1,187,0,No Failure,57.02270000000001
M,300.2,309.5,1434,51.5,189,0,No Failure,73.851
L,300.4,309.6,1432,44.7,192,0,No Failure,64.0104
L,300.5,309.6,1390,48.4,194,0,No Failure,67.276
L,300.5,309.7,1580,42.8,196,0,No Failure,67.624
L,300.5,309.7,1589,30.5,198,0,No Failure,48.4645
L,300.5,309.8,1441,48.8,200,0,No Failure,70.3208
L,300.5,309.8,1305,51.7,202,0,No Failure,67.4685
M,300.5,309.8,1566,35.9,204,0,No Failure,56.21939999999999
L,300.5,309.8,1379,54.2,207,1,Overstrain Failure,74.7418
L,300.4,309.6,1543,38.1,209,0,No Failure,58.7883
L,300.5,309.8,1421,49.6,211,0,No Failure,70.4816
L,300.5,309.6,1760,30.6,213,0,No Failure,53.856
L,300.4,309.5,1711,29.2,215,0,No Failure,49.9612
L,300.5,309.6,1465,41.6,217,0,No Failure,60.944
L,300.5,309.6,1366,50.2,219,0,No Failure,68.5732
M,300.4,309.5,1888,21.9,221,0,No Failure,41.347199999999994
M,299.9,309.2,1353,49.8,182,0,No Failure,67.37939999999999
M,299.9,309.2,1389,51.2,185,0,No Failure,71.1168
M,299.9,309.1,1513,43.8,188,0,No Failure,66.26939999999999
L,299.8,309.1,1578,42.1,191,0,No Failure,66.4338
H,299.8,309.0,1467,37.3,193,0,No Failure,54.7191
L,299.9,309.1,1412,48.3,198,0,No Failure,68.19959999999999
L,299.8,309.1,1668,30.3,200,0,No Failure,50.5404
M,299.8,309.2,1678,29.8,202,0,No Failure,50.004400000000004
L,299.8,309.1,1612,35.4,205,0,No Failure,57.0648
L,299.8,309.1,1485,39.9,207,0,No Failure,59.2515
M,299.8,309.1,1456,39.4,209,0,No Failure,57.3664
L,299.8,309.2,1504,38.7,212,0,No Failure,58.204800000000006
L,299.9,309.2,1491,44.3,214,0,No Failure,66.0513
L,300.4,309.8,1314,63.1,146,0,No Failure,82.91340000000001
L,300.3,309.6,1435,45.4,181,0,No Failure,65.149
M,300.2,309.5,1564,33.4,183,0,No Failure,52.2376
M,300.2,309.4,1329,53.6,186,0,No Failure,71.23440000000001
L,300.1,309.3,1570,36.8,189,0,No Failure,57.775999999999996
M,300.2,309.4,1433,48.8,191,0,No Failure,69.93039999999999
L,300.2,309.4,1527,37.0,194,0,No Failure,56.499
M,300.1,309.3,1443,50.3,196,0,No Failure,72.5829
L,300.1,309.3,1616,32.0,199,0,No Failure,51.712
L,300.1,309.3,1654,31.0,201,0,No Failure,51.274
L,300.1,309.3,1685,27.1,203,0,No Failure,45.6635
M,300.2,309.4,1456,48.8,205,0,No Failure,71.0528
M,300.2,309.4,1752,27.8,208,0,No Failure,48.7056
M,300.1,309.2,1438,51.0,211,0,No Failure,73.338
L,300.1,309.1,1551,33.7,214,0,No Failure,52.2687
L,300.1,309.2,1599,30.1,216,0,No Failure,48.1299
M,300.1,309.2,1732,33.7,218,0,No Failure,58.3684
M,300.1,309.2,1418,39.8,221,0,No Failure,56.43639999999999
M,300.8,309.4,1342,62.4,113,1,Heat Dissipation Failure,83.74080000000001
L,301.3,310.1,1558,36.3,184,0,No Failure,56.55539999999999
L,301.3,310.0,1344,54.8,186,0,No Failure,73.6512
H,301.3,310.1,1455,44.1,188,0,No Failure,64.1655
L,301.3,310.1,1355,53.6,193,0,No Failure,72.628
L,301.3,310.1,1269,56.8,195,1,Overstrain Failure,72.0792
L,301.3,310.0,1550,41.5,197,0,No Failure,64.325
M,301.3,310.1,1525,37.8,199,0,No Failure,57.644999999999996
M,301.3,310.0,1696,32.4,202,0,No Failure,54.950399999999995
L,301.4,310.1,1937,21.8,205,0,No Failure,42.2266
M,301.4,310.0,1689,32.1,207,0,No Failure,54.2169
M,301.3,310.0,1593,30.8,210,0,No Failure,49.0644
M,301.3,309.9,1565,36.0,213,0,No Failure,56.34
M,301.4,310.5,1217,60.6,103,0,No Failure,73.75019999999999
L,301.4,310.7,1673,27.8,181,0,No Failure,46.5094
L,301.4,310.8,1285,62.6,183,1,Overstrain Failure,80.441
L,301.4,310.8,1680,31.4,185,0,No Failure,52.752
L,301.4,310.8,1610,34.6,187,0,No Failure,55.706
L,301.6,310.9,1632,31.6,189,0,No Failure,51.571200000000005
L,301.6,310.9,1559,40.2,191,0,No Failure,62.671800000000005
L,301.5,310.8,1367,49.0,193,0,No Failure,66.983
L,301.6,310.8,1355,57.8,195,1,Overstrain Failure,78.319
H,301.6,310.7,1414,51.7,197,0,No Failure,73.1038
L,301.5,310.6,1522,36.6,202,0,No Failure,55.705200000000005
L,301.5,310.6,1525,41.9,204,0,No Failure,63.8975
L,301.5,310.6,1394,46.5,206,0,No Failure,64.821
L,301.5,310.6,1519,40.7,208,0,No Failure,61.8233
L,301.4,310.6,1445,43.9,210,0,No Failure,63.4355
L,301.4,310.6,1555,43.3,212,0,No Failure,67.3315
M,301.6,310.8,1290,65.3,63,0,No Failure,84.237
M,301.6,310.6,1924,23.6,181,0,No Failure,45.406400000000005
M,301.5,310.5,1412,44.1,184,0,No Failure,62.269200000000005
L,301.5,310.5,1389,54.9,187,0,No Failure,76.25609999999999
L,301.5,310.5,1466,48.1,189,0,No Failure,70.5146
L,301.5,310.5,2297,15.8,191,0,No Failure,36.2926
L,301.4,310.4,1471,37.5,193,0,No Failure,55.1625
L,301.4,310.3,1492,41.4,195,0,No Failure,61.7688
L,301.3,310.3,1460,41.5,197,0,No Failure,60.59
L,301.4,310.4,1559,39.4,199,0,No Failure,61.4246
M,301.4,310.5,1495,52.5,201,0,No Failure,78.4875
L,301.5,310.5,1535,39.0,204,0,No Failure,59.865
L,301.5,310.6,1381,50.7,206,0,No Failure,70.0167
M,301.6,310.6,1599,36.1,208,0,No Failure,57.7239
H,301.6,310.6,1400,49.5,211,0,No Failure,69.3
L,301.7,310.6,1624,34.5,216,0,No Failure,56.028
L,301.6,310.6,1478,36.6,218,0,No Failure,54.094800000000006
L,301.7,310.7,1605,33.3,220,0,No Failure,53.44649999999999
L,301.6,310.6,1506,43.4,222,0,No Failure,65.3604
H,301.9,311.0,1336,63.6,111,0,No Failure,84.9696
H,301.9,311.0,1291,63.6,137,0,No Failure,82.1076
L,302.0,311.1,1402,47.8,182,0,No Failure,67.01559999999999
L,302.0,311.0,1550,35.2,184,0,No Failure,54.56000000000001
L,301.9,311.0,1376,44.9,186,0,No Failure,61.7824
M,301.9,310.9,1569,32.5,188,0,No Failure,50.9925
L,301.9,311.0,1669,32.2,191,0,No Failure,53.741800000000005
L,301.9,311.0,1541,38.9,193,0,No Failure,59.9449
L,301.8,311.0,1651,32.5,195,0,No Failure,53.6575
L,301.8,310.9,1521,39.3,197,0,No Failure,59.775299999999994
M,301.8,310.8,1365,48.2,199,0,No Failure,65.793
L,301.8,310.9,1609,31.7,202,0,No Failure,51.0053
H,301.8,310.8,1470,37.6,204,0,No Failure,55.272
M,301.9,310.9,1573,38.9,209,0,No Failure,61.189699999999995
L,302.0,310.9,1378,53.1,212,1,Overstrain Failure,73.1718
L,301.9,310.9,1567,39.0,214,1,Tool Wear Failure,61.113
M,301.8,310.9,1299,60.4,48,0,No Failure,78.4596
L,301.8,310.6,1295,62.3,91,0,No Failure,80.6785
L,301.8,310.6,1192,68.9,135,0,No Failure,82.1288
L,301.7,310.5,1523,34.7,181,0,No Failure,52.8481
L,301.7,310.5,1377,43.1,183,0,No Failure,59.3487
M,301.7,310.6,1417,45.2,185,0,No Failure,64.0484
L,301.7,310.7,1542,40.0,188,0,No Failure,61.68
L,301.8,310.8,1557,33.3,190,0,No Failure,51.848099999999995
L,301.7,310.7,1641,31.9,192,0,No Failure,52.347899999999996
L,301.7,310.7,1318,55.0,194,0,No Failure,72.49
L,301.6,310.7,1638,33.8,196,0,No Failure,55.364399999999996
M,301.7,310.8,1954,21.6,198,0,No Failure,42.2064
M,301.7,310.9,1644,32.5,201,0,No Failure,53.43
M,301.7,310.8,1594,32.4,204,0,No Failure,51.6456
L,301.7,310.9,1405,46.4,207,1,Tool Wear Failure,65.192
L,302.0,311.2,1270,65.3,182,1,Overstrain Failure,82.931
M,301.9,311.1,1380,51.6,184,0,No Failure,71.208
L,302.0,311.1,1406,50.5,187,0,No Failure,71.003
M,302.0,311.2,1625,30.7,189,0,No Failure,49.8875
L,302.0,311.2,1420,45.8,192,0,No Failure,65.03599999999999
L,302.1,311.4,1889,22.7,194,0,No Failure,42.8803
L,302.1,311.3,1477,43.6,196,0,No Failure,64.3972
L,302.1,311.2,1460,46.9,198,0,No Failure,68.474
L,302.1,311.3,1758,24.4,200,0,No Failure,42.895199999999996
L,302.1,311.3,1521,31.5,202,0,No Failure,47.9115
M,302.1,311.3,1511,45.0,204,0,No Failure,67.995
L,302.2,311.3,1530,37.3,207,1,Tool Wear Failure,57.068999999999996
M,302.4,311.3,1312,61.5,85,0,No Failure,80.688
L,302.3,311.1,1373,53.0,181,0,No Failure,72.769
L,302.3,311.1,1630,35.6,183,0,No Failure,58.028
L,302.2,311.0,1555,34.2,185,0,No Failure,53.181000000000004
M,302.2,311.0,1436,47.0,187,0,No Failure,67.492
L,302.3,311.0,1609,31.0,190,0,No Failure,49.879
M,302.3,311.0,1384,49.7,192,0,No Failure,68.7848
L,302.4,311.1,1448,44.8,195,0,No Failure,64.87039999999999
M,302.4,311.1,1887,22.4,197,0,No Failure,42.2688
M,302.4,311.1,1480,45.7,200,0,No Failure,67.636
H,302.5,311.1,1850,23.3,203,0,No Failure,43.105
L,302.5,311.1,1538,36.8,208,0,No Failure,56.59839999999999
M,302.4,311.1,1721,30.1,210,0,No Failure,51.8021
L,302.5,311.2,1227,60.1,167,0,No Failure,73.7427
M,302.3,311.0,1421,41.3,182,0,No Failure,58.68729999999999
H,302.2,310.9,1415,48.4,185,0,No Failure,68.486
L,302.3,310.9,2034,19.7,190,0,No Failure,40.069799999999994
L,302.4,311.0,1486,40.4,192,0,No Failure,60.0344
L,302.4,311.0,1338,67.6,194,1,Power Failure,90.44879999999999
H,302.4,311.1,1578,32.3,196,0,No Failure,50.96939999999999
M,302.4,311.2,1330,58.6,201,0,No Failure,77.938
H,302.4,311.2,1506,40.8,204,0,No Failure,61.444799999999994
L,302.5,311.4,1559,37.6,209,0,No Failure,58.6184
L,302.6,311.5,1599,37.0,211,0,No Failure,59.163
L,302.6,311.5,1427,38.9,213,0,No Failure,55.510299999999994
M,302.5,311.5,1481,41.1,215,0,No Failure,60.869099999999996
H,302.5,311.5,1496,43.8,218,0,No Failure,65.5248
L,302.5,311.4,1674,27.0,223,0,No Failure,45.198
M,302.5,311.4,1629,31.7,225,0,No Failure,51.6393
H,302.6,311.5,1629,34.4,228,1,Tool Wear Failure,56.0376
L,302.3,311.2,1297,62.5,109,0,No Failure,81.0625
L,302.6,311.6,1576,34.7,182,0,No Failure,54.687200000000004
M,302.6,311.6,1518,39.0,184,0,No Failure,59.202
M,302.6,311.6,1227,68.2,187,1,Overstrain Failure,83.68140000000001
L,302.5,311.5,1985,18.8,190,0,No Failure,37.318
L,302.5,311.5,1802,26.4,192,0,No Failure,47.572799999999994
L,302.5,311.5,1603,32.4,194,0,No Failure,51.9372
L,302.5,311.6,1400,54.0,196,0,No Failure,75.6
L,302.3,311.5,1395,54.2,198,0,No Failure,75.609
L,302.2,311.4,1987,19.9,200,0,No Failure,39.54129999999999
M,302.2,311.4,1398,47.2,202,0,No Failure,65.9856
L,302.3,311.4,1333,66.7,205,1,Power Failure,88.9111
L,302.2,311.2,1381,49.4,207,0,No Failure,68.22139999999999
L,302.1,311.0,1740,30.8,182,0,No Failure,53.592
L,302.1,310.9,1477,41.4,184,0,No Failure,61.1478
L,302.1,310.9,1658,30.3,186,0,No Failure,50.2374
L,302.0,310.8,1902,23.4,188,0,No Failure,44.5068
M,302.0,310.8,1783,23.1,190,0,No Failure,41.1873
M,302.0,310.9,1558,45.3,193,0,No Failure,70.5774
L,302.1,311.0,1351,49.5,196,0,No Failure,66.8745
H,302.1,310.9,1452,42.5,198,0,No Failure,61.71
L,302.1,310.9,1666,30.7,203,0,No Failure,51.1462
L,302.1,311.0,1364,50.0,205,0,No Failure,68.2
M,302.1,311.0,1351,60.3,207,1,Overstrain Failure,81.4653
H,302.1,311.0,1729,26.1,210,0,No Failure,45.1269
M,302.1,311.0,1574,34.1,215,0,No Failure,53.6734
L,302.0,311.0,1566,37.8,218,0,No Failure,59.194799999999994
L,302.0,310.9,1455,43.2,220,0,No Failure,62.85600000000001
H,302.0,310.9,1679,29.0,222,0,No Failure,48.691
L,302.0,310.8,2143,17.3,227,0,No Failure,37.0739
L,302.0,310.8,1447,42.7,229,0,No Failure,61.7869
L,302.0,310.8,1383,50.3,231,1,Overstrain Failure,69.5649
L,302.1,310.8,1772,27.1,233,0,No Failure,48.02120000000001
L,302.0,310.8,1615,29.0,235,1,Tool Wear Failure,46.835
L,301.9,310.6,1331,68.6,85,1,Power Failure,91.30659999999999
H,302.1,310.7,1294,62.4,101,1,Heat Dissipation Failure,80.7456
L,302.0,310.6,1361,46.7,182,0,No Failure,63.5587
M,302.0,310.6,1563,41.0,184,0,No Failure,64.083
H,301.9,310.5,1472,39.7,187,0,No Failure,58.4384
L,302.0,310.6,1325,55.3,192,0,No Failure,73.2725
L,302.0,310.6,1358,53.1,194,0,No Failure,72.1098
H,302.0,310.6,1346,54.7,196,0,No Failure,73.6262
M,302.0,310.5,1381,58.4,201,0,No Failure,80.65039999999999
L,301.9,310.5,1340,55.7,204,1,Overstrain Failure,74.638
L,302.0,310.6,1366,47.7,206,0,No Failure,65.15820000000001
L,302.1,310.7,1325,45.1,208,1,Heat Dissipation Failure,59.7575
M,302.1,310.7,1376,46.3,210,1,Heat Dissipation Failure,63.7088
M,302.1,310.7,1364,47.8,213,1,Heat Dissipation Failure,65.19919999999999
L,301.9,310.4,1286,62.8,22,1,Heat Dissipation Failure,80.7608
L,301.7,310.2,1331,61.2,47,1,Heat Dissipation Failure,81.4572
L,302.0,310.5,1263,60.6,90,1,Heat Dissipation Failure,76.5378
M,302.5,311.0,1463,43.1,181,0,No Failure,63.0553
L,302.4,311.1,1634,34.2,184,0,No Failure,55.8828
L,302.4,311.0,1423,46.2,186,0,No Failure,65.74260000000001
L,302.5,311.0,1548,38.4,188,0,No Failure,59.4432
M,302.5,311.0,1563,35.6,190,0,No Failure,55.6428
L,302.4,311.0,1573,36.5,193,0,No Failure,57.4145
M,302.4,311.1,1432,44.5,195,0,No Failure,63.724
M,302.5,311.1,1638,32.0,198,0,No Failure,52.416
L,302.5,311.1,1571,34.2,201,0,No Failure,53.7282
L,302.4,311.0,2211,15.4,203,0,No Failure,34.0494
L,302.4,311.0,1555,40.6,205,0,No Failure,63.133
M,302.3,310.9,1558,31.9,207,0,No Failure,49.700199999999995
M,302.3,310.9,1523,43.2,210,0,No Failure,65.79360000000001
L,302.3,310.8,1723,26.3,213,0,No Failure,45.3149
M,302.3,310.8,1721,28.4,215,0,No Failure,48.8764
M,302.3,310.9,1710,30.4,218,1,Tool Wear Failure,51.984
M,302.0,310.6,1392,60.5,10,0,No Failure,84.216
M,301.9,310.6,1260,65.9,29,0,No Failure,83.034
L,302.6,311.0,1284,68.0,114,1,Power Failure,87.312
M,302.7,311.1,1297,60.7,125,1,Heat Dissipation Failure,78.7279
M,301.8,309.9,1334,61.0,182,1,Heat Dissipation Failure,81.374
L,301.8,310.0,1493,40.3,185,0,No Failure,60.167899999999996
L,301.7,309.9,1317,49.0,187,1,Heat Dissipation Failure,64.533
M,301.7,309.9,1434,47.9,189,0,No Failure,68.6886
M,301.7,309.9,1457,39.2,192,0,No Failure,57.1144
M,301.7,310.0,1391,50.6,195,0,No Failure,70.3846
M,301.8,310.0,1781,23.9,198,0,No Failure,42.56589999999999
L,301.8,310.0,1642,32.6,201,0,No Failure,53.5292
L,301.8,310.0,2032,19.0,203,0,No Failure,38.608
M,301.8,310.1,2372,13.9,205,1,Power Failure,32.970800000000004
L,301.8,310.0,1393,44.9,208,0,No Failure,62.5457
M,301.7,310.1,1743,27.3,210,0,No Failure,47.5839
L,301.8,310.2,1457,40.4,213,0,No Failure,58.86279999999999
L,301.8,310.2,2825,5.8,215,1,Power Failure,16.385
M,301.8,310.2,1609,34.2,217,0,No Failure,55.027800000000006
L,301.4,309.9,1259,63.9,20,1,Heat Dissipation Failure,80.45009999999999
M,301.7,309.8,1284,68.2,111,1,Power Failure,87.5688
M,302.0,309.7,1386,62.7,142,1,Power Failure,86.9022
L,302.0,310.0,1449,48.8,181,0,No Failure,70.71119999999999
L,302.0,309.9,1388,51.4,183,0,No Failure,71.3432
H,302.0,309.9,1447,42.8,185,0,No Failure,61.931599999999996
L,302.0,310.0,1664,28.6,190,0,No Failure,47.5904
H,302.0,309.9,1735,27.2,192,0,No Failure,47.192
L,302.0,309.9,1308,57.6,197,1,Heat Dissipation Failure,75.3408
L,302.0,309.8,1480,40.0,199,0,No Failure,59.2
M,301.9,309.6,1439,41.7,201,0,No Failure,60.0063
M,301.9,309.7,1533,35.9,204,0,No Failure,55.034699999999994
L,302.0,309.7,1551,34.8,207,0,No Failure,53.974799999999995
L,302.0,309.7,1414,36.3,209,0,No Failure,51.328199999999995
M,301.9,309.6,1551,34.6,211,0,No Failure,53.66460000000001
M,301.8,309.6,1436,49.0,214,0,No Failure,70.364
M,301.9,309.6,1385,45.8,217,0,No Failure,63.43299999999999
M,301.8,309.5,1732,30.1,220,0,No Failure,52.1332
L,301.9,309.6,1410,49.0,223,0,No Failure,69.09
L,301.9,309.6,1446,43.2,225,0,No Failure,62.467200000000005
L,301.8,309.5,1525,39.6,227,0,No Failure,60.39
L,301.7,309.5,1298,65.5,229,1,Heat Dissipation Failure,85.019
L,301.8,309.6,1443,42.7,231,0,No Failure,61.6161
L,301.8,309.7,1442,45.3,233,1,Tool Wear Failure,65.3226
L,302.6,310.4,1365,66.8,80,1,Power Failure,91.182
L,302.6,310.2,1325,62.4,92,1,Heat Dissipation Failure,82.68
L,302.3,310.1,1487,46.0,184,0,No Failure,68.402
M,302.5,310.3,1710,27.3,186,0,No Failure,46.683
L,302.6,310.4,1478,47.7,189,0,No Failure,70.5006
L,302.6,310.4,1743,26.3,191,0,No Failure,45.840900000000005
L,302.6,310.5,1596,32.8,193,0,No Failure,52.3488
L,302.7,310.5,1642,30.8,195,0,No Failure,50.5736
L,302.7,310.5,1263,67.8,197,1,Heat Dissipation Failure,85.6314
L,302.8,310.6,2016,19.9,199,0,No Failure,40.118399999999994
L,302.8,310.6,1671,30.5,201,0,No Failure,50.9655
L,302.8,310.6,1404,43.2,203,0,No Failure,60.652800000000006
L,302.8,310.6,1470,41.1,205,0,No Failure,60.417
L,302.8,310.6,1617,37.9,207,0,No Failure,61.284299999999995
L,302.7,310.5,1725,29.0,209,0,No Failure,50.025
L,302.7,310.5,1446,40.9,211,1,Tool Wear Failure,59.141400000000004
L,302.4,310.2,1346,62.4,106,1,Heat Dissipation Failure,83.9904
M,302.5,310.4,1581,32.7,181,0,No Failure,51.6987
M,302.6,310.5,1542,39.9,184,0,No Failure,61.5258
L,302.5,310.4,1349,55.1,187,1,Heat Dissipation Failure,74.32990000000001
L,302.5,310.5,1463,43.0,189,0,No Failure,62.909
M,302.5,310.4,1429,43.2,191,0,No Failure,61.732800000000005
M,302.5,310.4,1451,53.6,194,0,No Failure,77.7736
L,302.6,310.5,1511,37.2,197,0,No Failure,56.2092
L,302.6,310.6,1549,37.5,199,0,No Failure,58.0875
M,302.5,310.5,1507,40.2,201,0,No Failure,60.5814
M,302.6,310.5,1524,33.7,204,0,No Failure,51.3588
M,302.7,310.5,1880,22.7,207,0,No Failure,42.676
M,303.0,311.1,1428,39.8,181,0,No Failure,56.834399999999995
L,303.0,311.2,1511,45.7,184,0,No Failure,69.0527
L,303.0,311.2,1664,29.8,186,0,No Failure,49.5872
M,303.0,311.2,1592,38.9,188,0,No Failure,61.928799999999995
M,303.0,311.1,1597,36.7,191,0,No Failure,58.6099
L,303.0,311.2,1735,26.1,194,0,No Failure,45.2835
L,302.9,311.2,1751,23.8,196,0,No Failure,41.6738
L,303.0,311.2,1383,44.6,198,0,No Failure,61.6818
M,302.9,311.2,1330,53.7,200,1,Heat Dissipation Failure,71.421
L,303.0,311.2,1382,50.5,203,0,No Failure,69.791
L,303.0,311.2,1755,30.4,205,0,No Failure,53.352
M,303.0,311.2,1614,35.7,207,0,No Failure,57.619800000000005
L,303.0,311.3,1466,43.0,210,0,No Failure,63.038
M,303.1,311.3,1847,24.7,212,0,No Failure,45.6209
L,303.1,311.3,1474,34.8,215,0,No Failure,51.295199999999994
L,303.1,311.3,1657,31.8,217,0,No Failure,52.6926
L,303.1,311.2,1435,40.1,219,0,No Failure,57.5435
H,303.1,311.3,1494,42.7,221,0,No Failure,63.793800000000005
L,303.2,311.4,1238,54.6,226,1,Heat Dissipation Failure,67.5948
L,303.2,311.4,1324,54.2,228,1,Heat Dissipation Failure,71.7608
L,303.2,311.4,1514,41.2,230,0,No Failure,62.3768
L,303.3,311.4,1732,25.6,232,0,No Failure,44.339200000000005
L,303.3,311.4,1497,46.0,234,1,Tool Wear Failure,68.862
L,303.6,311.8,1222,66.8,148,1,Heat Dissipation Failure,81.6296
L,303.4,311.6,1712,30.1,182,0,No Failure,51.531200000000005
M,303.4,311.6,1425,45.4,184,0,No Failure,64.695
L,303.3,311.6,1337,56.8,187,1,Heat Dissipation Failure,75.9416
M,303.4,311.7,1690,34.9,189,0,No Failure,58.981
M,303.4,311.7,1353,44.1,192,1,Heat Dissipation Failure,59.667300000000004
L,303.5,311.8,1927,21.9,195,0,No Failure,42.201299999999996
M,303.4,311.8,1391,42.7,197,0,No Failure,59.395700000000005
L,303.4,311.8,1366,50.9,200,1,Heat Dissipation Failure,69.5294
L,303.4,311.9,1771,31.6,202,0,No Failure,55.96360000000001
M,303.4,311.8,1515,42.6,204,0,No Failure,64.539
M,303.4,311.8,2133,18.3,207,0,No Failure,39.0339
M,303.4,311.8,1341,47.0,210,1,Heat Dissipation Failure,63.027
L,303.4,311.7,1406,47.1,213,0,No Failure,66.2226
L,303.4,311.8,1306,61.0,215,1,Heat Dissipation Failure,79.666
L,303.3,311.7,1508,35.5,217,0,No Failure,53.534
L,303.3,311.6,1301,45.1,219,1,Heat Dissipation Failure,58.6751
L,303.3,311.7,1539,38.5,221,0,No Failure,59.2515
L,303.3,311.6,1484,44.6,223,0,No Failure,66.1864
L,303.2,311.5,1507,39.2,225,0,No Failure,59.074400000000004
L,303.2,311.5,1544,42.5,227,0,No Failure,65.62
L,303.7,312.6,1621,38.8,182,0,No Failure,62.8948
L,303.6,312.6,1606,33.6,184,0,No Failure,53.961600000000004
H,303.6,312.5,1375,54.0,186,0,No Failure,74.25
L,303.5,312.4,1503,36.5,191,0,No Failure,54.8595
L,303.5,312.3,1404,48.6,193,0,No Failure,68.23440000000001
L,303.4,312.2,1656,32.7,195,0,No Failure,54.1512
M,303.4,312.1,1499,39.4,197,0,No Failure,59.0606
M,303.4,312.0,1748,28.4,200,0,No Failure,49.6432
L,303.4,311.9,1531,37.9,203,0,No Failure,58.0249
M,303.3,311.8,1536,40.6,205,0,No Failure,62.3616
L,303.4,311.8,1401,53.0,208,1,Overstrain Failure,74.253
H,303.4,311.9,1534,33.2,210,0,No Failure,50.9288
L,303.4,312.0,1521,35.9,215,1,Tool Wear Failure,54.6039
L,303.3,311.8,1315,62.0,42,1,Heat Dissipation Failure,81.53
L,303.4,311.9,1298,63.9,59,1,Heat Dissipation Failure,82.9422
L,303.7,312.5,1481,33.3,182,0,No Failure,49.317299999999996
L,303.7,312.4,1512,39.2,184,0,No Failure,59.2704
L,303.7,312.5,1632,36.6,186,0,No Failure,59.7312
L,303.7,312.4,1525,43.9,188,0,No Failure,66.9475
M,303.7,312.3,1756,26.4,190,0,No Failure,46.358399999999996
L,303.7,312.3,1922,23.1,193,0,No Failure,44.3982
M,303.8,312.5,1448,44.3,195,0,No Failure,64.1464
H,303.8,312.5,1447,46.6,198,0,No Failure,67.4302
M,303.8,312.4,1597,33.4,203,0,No Failure,53.3398
M,303.7,312.4,1642,32.3,206,0,No Failure,53.0366
H,303.8,312.5,1525,38.0,209,0,No Failure,57.95
H,303.6,312.4,1460,53.7,214,0,No Failure,78.402
L,303.6,312.3,2168,17.7,219,0,No Failure,38.373599999999996
L,303.6,312.4,1388,41.9,221,0,No Failure,58.157199999999996
M,303.6,312.3,1630,32.4,223,0,No Failure,52.812
L,303.6,312.3,1616,29.3,226,0,No Failure,47.348800000000004
L,303.4,312.2,1337,69.4,52,1,Power Failure,92.7878
L,303.5,312.4,1284,70.6,94,1,Power Failure,90.65039999999999
L,303.6,312.5,1286,62.4,101,0,No Failure,80.2464
L,303.9,312.7,1339,62.3,156,0,No Failure,83.41969999999999
L,303.8,312.7,1838,27.8,181,0,No Failure,51.0964
H,303.8,312.6,1811,24.9,183,0,No Failure,45.09389999999999
L,303.8,312.7,1461,38.2,188,0,No Failure,55.8102
L,303.8,312.7,1414,41.7,190,0,No Failure,58.963800000000006
L,303.7,312.7,1426,45.5,192,0,No Failure,64.883
L,303.7,312.7,1359,56.8,194,1,Overstrain Failure,77.1912
L,303.7,312.7,1540,44.8,196,0,No Failure,68.992
L,303.6,312.7,1429,47.7,198,0,No Failure,68.1633
M,303.7,312.7,1612,36.3,200,0,No Failure,58.5156
M,303.7,312.8,1685,31.8,203,0,No Failure,53.583
M,303.7,312.8,1558,37.7,206,0,No Failure,58.7366
L,303.7,313.0,1811,24.3,209,0,No Failure,44.0073
L,303.8,313.1,1869,25.8,211,0,No Failure,48.220200000000006
L,303.8,313.1,1256,58.7,213,1,Overstrain Failure,73.7272
M,303.8,313.0,1789,23.5,215,0,No Failure,42.0415
L,304.0,313.0,1350,61.1,88,0,No Failure,82.485
H,304.0,313.2,1271,68.6,161,1,Power Failure,87.19059999999999
L,303.8,312.9,1619,35.7,182,0,No Failure,57.798300000000005
H,303.8,312.9,1378,45.6,184,0,No Failure,62.836800000000004
M,303.9,312.9,1430,53.5,189,0,No Failure,76.505
L,303.8,312.9,1367,49.9,192,0,No Failure,68.2133
L,303.9,312.9,1526,42.5,194,0,No Failure,64.855
L,303.9,312.8,1419,47.9,196,0,No Failure,67.97009999999999
L,304.0,312.8,1542,42.7,198,0,No Failure,65.8434
L,304.0,312.9,1363,62.5,200,1,Overstrain Failure,85.1875
L,304.0,312.9,1313,53.9,202,0,No Failure,70.77069999999999
L,304.1,313.3,1452,43.9,182,0,No Failure,63.742799999999995
L,304.1,313.3,1415,50.0,184,0,No Failure,70.75
L,304.1,313.2,1824,25.8,186,0,No Failure,47.059200000000004
L,304.1,313.3,1438,45.5,188,0,No Failure,65.429
L,304.1,313.3,1883,24.5,190,0,No Failure,46.1335
L,304.2,313.4,1735,28.9,192,0,No Failure,50.1415
L,304.3,313.5,1464,36.7,194,0,No Failure,53.7288
M,304.3,313.6,1489,40.3,196,0,No Failure,60.006699999999995
M,304.4,313.6,1510,38.9,199,0,No Failure,58.739
M,304.3,313.6,1585,32.1,202,0,No Failure,50.8785
L,304.4,313.7,1509,35.0,205,1,Tool Wear Failure,52.815
L,303.9,313.1,1310,62.9,130,0,No Failure,82.399
L,303.7,312.6,1466,42.5,183,0,No Failure,62.305
L,303.7,312.5,1433,53.6,185,0,No Failure,76.8088
L,303.7,312.5,1397,45.7,187,0,No Failure,63.8429
M,303.7,312.6,1429,43.3,189,0,No Failure,61.875699999999995
L,303.7,312.7,1572,37.2,192,0,No Failure,58.4784
M,303.7,312.7,1532,42.7,194,0,No Failure,65.4164
M,303.7,312.7,1316,51.8,197,0,No Failure,68.1688
M,303.8,312.8,1420,47.9,200,0,No Failure,68.018
L,303.8,312.9,1589,37.2,203,0,No Failure,59.110800000000005
L,303.8,313.0,1365,59.9,205,1,Overstrain Failure,81.7635
L,303.8,313.0,1633,32.9,207,0,No Failure,53.725699999999996
L,303.9,313.0,1626,31.4,209,0,No Failure,51.0564
M,303.9,313.1,1343,61.4,14,0,No Failure,82.4602
L,303.5,312.9,1275,64.4,113,0,No Failure,82.11
L,303.7,313.1,1406,48.6,183,0,No Failure,68.33160000000001
M,303.7,313.1,2130,18.1,185,0,No Failure,38.553
L,303.7,313.1,1355,49.1,188,0,No Failure,66.5305
M,303.8,313.2,1710,26.5,190,0,No Failure,45.315
L,303.8,313.1,1309,55.8,193,0,No Failure,73.0422
L,303.9,313.1,1491,37.2,195,0,No Failure,55.4652
L,303.9,313.2,1481,44.1,197,0,No Failure,65.3121
L,303.9,313.1,1425,49.3,199,0,No Failure,70.2525
H,303.9,313.2,1680,29.1,201,0,No Failure,48.888
H,304.0,313.2,1612,31.7,206,0,No Failure,51.1004
L,304.0,313.3,1530,34.8,211,0,No Failure,53.24399999999999
L,304.0,313.2,1481,42.6,213,0,No Failure,63.0906
M,303.9,313.2,1422,48.0,215,1,Tool Wear Failure,68.256
L,303.3,312.7,1262,63.8,100,0,No Failure,80.51559999999999
L,302.9,312.3,1515,40.8,183,0,No Failure,61.81199999999999
L,302.9,312.3,1530,34.9,185,0,No Failure,53.397
H,302.8,312.3,1336,57.5,187,0,No Failure,76.82
L,302.9,312.4,2030,19.1,192,0,No Failure,38.773
L,302.9,312.4,1550,36.9,194,0,No Failure,57.195
L,302.9,312.4,1446,41.7,196,0,No Failure,60.2982
L,302.8,312.3,1494,37.5,198,0,No Failure,56.025
L,302.8,312.4,1651,27.0,200,0,No Failure,44.577
L,302.9,312.4,1698,33.8,202,0,No Failure,57.392399999999995
L,302.8,312.3,1504,40.3,204,0,No Failure,60.6112
M,302.9,312.4,1421,46.0,206,0,No Failure,65.366
H,302.9,312.3,1754,26.9,209,0,No Failure,47.1826
L,302.9,312.2,1469,42.0,214,0,No Failure,61.698
L,302.8,312.2,1433,50.0,216,0,No Failure,71.65
M,302.8,312.3,1432,49.0,218,0,No Failure,70.168
L,302.8,312.3,1366,49.1,221,0,No Failure,67.0706
H,302.8,312.3,1483,47.2,223,0,No Failure,69.9976
L,302.7,312.2,1572,34.4,228,0,No Failure,54.0768
L,302.8,312.2,1481,40.2,230,0,No Failure,59.5362
L,302.8,312.3,1473,42.6,232,0,No Failure,62.7498
M,302.8,312.3,1262,70.5,234,1,Power Failure,88.971
L,302.8,312.4,1529,36.8,237,0,No Failure,56.267199999999995
L,302.8,312.4,1523,39.7,239,0,No Failure,60.463100000000004
M,302.8,312.3,1416,42.7,241,0,No Failure,60.46320000000001
L,302.9,312.4,1923,23.9,244,0,No Failure,45.9597
H,302.8,312.4,1411,53.8,246,1,Overstrain Failure,75.9118
L,302.7,312.4,1477,46.3,251,1,Overstrain Failure,68.3851
M,302.6,312.3,1454,54.8,253,1,Tool Wear Failure,79.6792
L,302.7,312.3,1346,61.2,170,0,Random Failures,82.37519999999999
M,302.6,312.1,1445,42.0,181,0,No Failure,60.69
L,302.7,312.1,1763,26.5,184,0,No Failure,46.7195
L,302.7,312.2,1611,34.1,186,0,No Failure,54.935100000000006
M,302.7,312.1,1564,32.1,188,0,No Failure,50.2044
H,302.7,312.1,1478,36.0,191,0,No Failure,53.208
L,302.6,312.0,1781,28.5,196,0,No Failure,50.7585
L,302.6,312.1,1782,26.8,198,0,No Failure,47.7576
M,302.6,312.1,2000,21.9,200,0,No Failure,43.8
M,302.5,312.0,1826,25.3,203,0,No Failure,46.1978
L,302.6,312.1,1344,51.0,206,0,No Failure,68.544
L,302.6,312.2,1520,43.0,208,0,No Failure,65.36
M,302.6,312.1,1611,39.9,210,0,No Failure,64.2789
L,302.7,312.2,1450,52.1,213,1,Overstrain Failure,75.545
L,302.6,312.1,1499,35.0,215,0,Random Failures,52.465
L,302.6,312.1,1288,68.5,0,1,Power Failure,88.228
M,302.5,312.0,1436,43.5,184,0,No Failure,62.466
L,302.5,311.9,1553,40.1,187,0,No Failure,62.2753
M,302.5,312.0,1451,43.2,189,0,No Failure,62.68320000000001
L,302.4,311.9,1541,37.9,192,0,No Failure,58.40389999999999
M,302.3,311.7,1341,46.3,194,0,No Failure,62.0883
L,302.3,311.7,1648,32.1,197,0,No Failure,52.900800000000004
M,302.3,311.7,1640,31.5,199,0,No Failure,51.66
L,302.4,311.8,1416,46.1,202,0,No Failure,65.27759999999999
L,302.4,311.9,1671,29.9,204,0,No Failure,49.9629
L,302.4,312.0,1457,45.5,206,0,No Failure,66.2935
M,303.0,312.2,1257,71.3,122,1,Power Failure,89.62409999999998
L,303.1,312.4,1404,61.5,127,1,Power Failure,86.346
L,302.6,312.1,1420,51.6,182,0,No Failure,73.272
L,302.6,312.1,1473,37.3,184,0,No Failure,54.942899999999995
L,302.5,312.0,1495,38.8,186,0,No Failure,58.00599999999999
L,302.5,312.0,1574,42.0,188,0,No Failure,66.108
L,302.5,312.0,1383,51.3,190,0,No Failure,70.94789999999999
M,302.5,312.0,1591,29.4,192,0,No Failure,46.7754
M,302.4,311.8,1644,37.2,195,0,No Failure,61.156800000000004
H,302.5,311.8,2370,14.7,198,0,No Failure,34.839
L,302.5,311.9,1401,44.9,203,0,No Failure,62.904900000000005
M,302.5,311.9,1414,51.6,205,0,No Failure,72.9624
L,302.5,312.0,1456,46.3,208,0,No Failure,67.4128
M,302.5,312.0,1447,45.7,210,0,No Failure,66.12790000000001
L,302.4,311.8,1727,26.5,213,0,No Failure,45.7655
L,302.4,311.7,1495,36.8,215,0,No Failure,55.01599999999999
L,302.4,311.9,1290,70.0,139,1,Power Failure,90.3
L,302.3,311.8,1433,50.3,183,0,No Failure,72.0799
M,302.3,311.8,1557,34.1,185,0,No Failure,53.093700000000005
M,302.4,311.9,1398,50.1,188,0,No Failure,70.0398
M,302.3,311.8,1559,34.4,191,0,No Failure,53.629599999999996
M,302.4,311.9,1422,46.4,194,0,No Failure,65.9808
M,302.3,311.8,1463,35.7,197,0,No Failure,52.2291
L,302.3,311.7,1793,25.3,200,0,No Failure,45.3629
L,302.2,311.6,1872,20.4,202,0,No Failure,38.18879999999999
L,302.2,311.7,1412,44.5,204,0,No Failure,62.834
L,302.3,311.8,1487,43.2,206,0,No Failure,64.2384
L,302.3,311.8,1369,56.2,208,1,Overstrain Failure,76.93780000000001
L,302.4,311.8,1673,30.1,210,0,No Failure,50.3573
M,302.4,311.9,1439,36.6,212,0,No Failure,52.6674
L,302.3,311.8,1574,42.8,215,0,No Failure,67.3672
H,302.2,311.8,1330,62.4,31,0,No Failure,82.992
L,301.4,311.0,1733,25.7,182,0,No Failure,44.5381
H,301.3,311.0,1580,36.6,184,0,No Failure,57.828
L,301.3,311.0,1856,21.9,189,0,No Failure,40.64639999999999
L,301.3,311.1,1454,40.3,191,0,No Failure,58.596199999999996
L,301.4,311.1,1495,36.3,193,0,No Failure,54.268499999999996
L,301.2,311.0,1761,29.1,195,0,No Failure,51.24510000000001
M,301.3,311.0,1402,47.5,197,0,No Failure,66.595
L,301.2,311.0,1670,33.0,200,0,No Failure,55.11
L,301.3,311.0,1582,35.6,202,0,No Failure,56.3192
L,301.3,311.0,1542,35.1,204,0,No Failure,54.1242
L,301.3,311.0,1539,36.9,206,0,No Failure,56.7891
L,301.3,311.0,1418,41.9,208,0,No Failure,59.414199999999994
L,301.3,311.1,1723,27.6,210,0,No Failure,47.5548
L,301.3,311.1,1303,49.2,212,0,No Failure,64.1076
M,301.3,311.0,1463,50.2,214,0,No Failure,73.4426
L,301.2,311.0,1544,39.3,217,0,No Failure,60.679199999999994
L,301.2,311.0,1596,37.2,219,0,No Failure,59.3712
L,301.3,311.1,1413,42.0,221,0,No Failure,59.346
M,301.3,311.1,1492,41.2,223,0,No Failure,61.4704
M,300.9,310.7,1485,41.0,181,0,No Failure,60.885
L,301.0,310.7,1464,45.8,184,0,No Failure,67.0512
L,300.9,310.6,1598,35.4,186,0,No Failure,56.569199999999995
L,300.9,310.5,1894,21.9,188,0,No Failure,41.4786
M,300.8,310.5,1330,59.0,190,0,No Failure,78.47
H,300.8,310.5,1582,31.1,193,0,No Failure,49.2002
L,300.7,310.3,1533,35.6,198,0,No Failure,54.5748
H,300.8,310.4,1419,46.4,200,0,No Failure,65.84159999999999
M,300.8,310.3,1526,36.3,205,0,No Failure,55.3938
H,300.7,310.2,1364,65.3,208,1,Power Failure,89.0692
M,300.8,310.4,1288,64.0,3,0,No Failure,82.432
L,300.5,310.5,1409,60.9,73,0,No Failure,85.8081
M,300.7,310.7,1347,46.5,183,0,No Failure,62.6355
L,300.7,310.8,1486,37.1,186,0,No Failure,55.1306
H,300.8,310.8,1466,45.2,188,0,No Failure,66.2632
H,300.7,310.8,1346,52.0,193,0,No Failure,69.992
L,300.7,310.7,1314,42.4,198,0,No Failure,55.7136
L,300.6,310.7,1440,52.5,200,0,No Failure,75.6
L,300.7,310.8,1608,39.5,202,0,No Failure,63.516
H,300.7,310.8,1296,58.2,204,0,No Failure,75.4272
L,300.7,310.7,1507,46.1,209,0,No Failure,69.4727
M,300.7,310.7,1343,51.6,211,0,No Failure,69.2988
L,300.7,310.7,1416,40.4,214,0,No Failure,57.2064
L,300.7,310.6,1288,47.2,216,0,No Failure,60.793600000000005
M,300.7,310.6,1407,42.4,218,0,No Failure,59.6568
L,300.6,310.4,1608,39.2,221,0,No Failure,63.03360000000001
L,300.6,310.3,1920,22.3,223,0,No Failure,42.816
M,300.5,310.2,1386,48.2,225,0,No Failure,66.8052
M,300.5,310.2,1571,34.6,228,0,No Failure,54.35660000000001
M,300.4,310.2,1613,36.9,231,0,No Failure,59.5197
M,300.4,310.2,1671,30.5,234,1,Tool Wear Failure,50.9655
L,300.7,310.9,1356,65.3,66,1,Power Failure,88.5468
L,300.9,310.9,1601,34.0,181,0,No Failure,54.434
L,300.9,310.9,1615,32.0,183,0,No Failure,51.68
M,300.9,310.8,1452,43.6,185,0,No Failure,63.3072
M,300.9,310.8,1695,30.2,188,0,No Failure,51.189
M,300.9,310.8,1790,26.2,191,0,No Failure,46.898
M,301.0,310.8,1533,39.3,194,0,No Failure,60.2469
L,301.0,310.9,1813,28.5,197,0,No Failure,51.6705
L,301.0,310.9,1492,36.7,199,0,No Failure,54.7564
L,300.9,310.7,1479,43.3,201,0,No Failure,64.0407
L,300.8,310.7,1339,59.1,203,1,Overstrain Failure,79.1349
M,300.8,310.7,1371,44.7,205,0,No Failure,61.2837
L,300.9,310.7,1468,36.2,208,0,No Failure,53.141600000000004
L,300.9,310.7,1517,41.7,210,0,No Failure,63.258900000000004
L,300.9,310.7,1352,46.4,212,0,No Failure,62.7328
L,300.9,310.7,1389,50.0,214,0,No Failure,69.45
M,300.9,311.1,1325,61.4,88,0,No Failure,81.355
L,300.9,310.9,1228,66.4,109,0,No Failure,81.53920000000001
L,301.0,311.1,1236,64.4,177,1,Overstrain Failure,79.59840000000001
L,301.0,311.0,1634,31.2,182,0,No Failure,50.980799999999995
L,301.1,311.1,1508,41.5,184,0,No Failure,62.582
L,301.1,311.2,1774,29.6,186,0,No Failure,52.510400000000004
L,301.1,311.0,1677,29.1,188,0,No Failure,48.800700000000006
L,301.0,311.0,1399,58.0,190,1,Overstrain Failure,81.142
L,301.0,310.9,1570,34.0,192,0,No Failure,53.38
L,301.0,310.9,1479,44.3,194,0,No Failure,65.5197
L,301.0,310.8,1558,34.9,196,0,No Failure,54.374199999999995
L,300.8,310.7,1358,48.1,198,0,No Failure,65.3198
H,300.9,310.7,1656,30.7,200,0,No Failure,50.8392
L,300.9,310.7,1523,35.8,205,0,No Failure,54.523399999999995
H,300.9,310.7,1403,40.6,207,0,No Failure,56.961800000000004
M,300.9,310.7,1362,51.6,212,0,No Failure,70.2792
M,300.7,310.6,1778,27.1,215,0,No Failure,48.183800000000005
L,300.7,310.5,1448,38.2,218,0,No Failure,55.31360000000001
H,300.8,310.5,1559,40.1,220,0,No Failure,62.5159
L,300.8,310.6,1416,42.2,225,0,No Failure,59.7552
L,300.8,310.6,1577,37.9,227,1,Tool Wear Failure,59.768299999999996
L,301.1,310.9,1282,67.9,10,1,Power Failure,87.04780000000001
H,300.8,310.3,1457,46.8,182,0,No Failure,68.18759999999999
L,300.8,310.2,1492,46.3,187,0,No Failure,69.07959999999999
L,300.8,310.1,1405,61.2,189,1,Power Failure,85.986
L,300.7,310.1,1542,35.5,191,0,No Failure,54.741
L,300.8,310.2,1520,37.7,193,0,No Failure,57.30400000000001
M,300.8,310.2,1598,36.5,195,0,No Failure,58.327
L,300.8,310.3,1538,36.1,198,0,No Failure,55.521800000000006
L,300.9,310.4,1615,30.9,200,0,No Failure,49.9035
L,301.0,310.5,1408,47.0,202,0,No Failure,66.176
L,301.0,310.5,1379,57.3,204,1,Overstrain Failure,79.0167
L,301.0,310.6,1493,37.8,206,1,Tool Wear Failure,56.435399999999994
L,301.2,310.8,1233,64.6,45,0,No Failure,79.6518
L,301.0,310.5,1248,61.4,77,0,No Failure,76.6272
M,301.1,310.5,1309,60.7,100,0,No Failure,79.4563
L,300.7,310.2,1286,64.9,160,0,No Failure,83.46140000000001
M,300.5,310.0,1580,37.0,181,0,No Failure,58.46
H,300.5,310.0,1495,47.4,184,0,No Failure,70.863
M,300.5,309.9,1994,19.8,189,0,No Failure,39.4812
M,300.4,309.9,1415,31.8,192,0,No Failure,44.997
M,300.4,309.8,1725,30.4,195,0,No Failure,52.44
M,300.4,309.8,1430,43.4,198,0,No Failure,62.062
L,300.4,309.8,1395,48.1,201,0,No Failure,67.0995
M,300.4,309.8,1435,43.6,203,0,No Failure,62.566
L,300.4,309.9,1681,28.6,206,0,No Failure,48.076600000000006
L,300.5,310.0,1451,48.6,208,0,No Failure,70.5186
H,300.5,309.9,1397,45.9,210,1,Tool Wear Failure,64.1223
L,300.2,309.7,1275,60.7,15,0,No Failure,77.3925
M,300.2,309.7,1183,61.4,170,0,No Failure,72.6362
L,300.3,310.0,1560,40.8,182,0,No Failure,63.647999999999996
L,300.4,310.1,1544,41.9,184,0,No Failure,64.6936
M,300.4,310.0,1560,42.3,186,0,No Failure,65.988
L,300.4,310.0,1423,44.2,189,0,No Failure,62.89660000000001
L,300.4,310.1,1614,33.5,191,0,No Failure,54.069
M,300.4,310.1,1457,35.1,193,0,No Failure,51.1407
L,300.4,310.1,1503,42.2,196,0,No Failure,63.42660000000001
H,300.4,310.1,1484,38.0,198,0,No Failure,56.392
L,300.3,309.9,1540,39.9,203,0,No Failure,61.446
H,300.3,309.9,1405,52.1,205,0,No Failure,73.2005
H,300.3,309.9,1394,46.7,210,1,Tool Wear Failure,65.0998
L,300.4,310.0,1282,66.1,40,0,No Failure,84.7402
M,300.8,310.3,1270,61.0,54,0,No Failure,77.47
M,300.6,310.0,1302,62.9,87,0,No Failure,81.89580000000001
H,300.5,310.0,1358,60.4,102,0,No Failure,82.0232
L,300.7,309.8,1363,53.1,183,0,No Failure,72.37530000000001
L,300.6,309.7,1617,33.2,185,0,No Failure,53.684400000000004
M,300.6,309.8,1694,31.1,187,0,No Failure,52.6834
L,300.7,309.9,1815,27.0,190,0,No Failure,49.005
L,300.8,309.9,1312,65.3,192,1,Overstrain Failure,85.6736
H,300.8,309.9,2041,19.2,194,0,No Failure,39.1872
L,300.9,310.0,1671,26.8,199,0,No Failure,44.7828
M,300.9,310.0,1416,46.6,201,0,No Failure,65.9856
M,300.9,310.0,1600,36.0,204,0,No Failure,57.6
L,300.9,310.0,2595,13.7,207,0,No Failure,35.5515
M,300.9,309.9,1465,42.9,209,0,No Failure,62.8485
M,301.0,310.1,1681,27.4,212,0,No Failure,46.0594
L,301.1,310.1,1457,39.6,215,0,No Failure,57.6972
H,301.0,310.1,1454,44.1,217,0,No Failure,64.12140000000001
H,301.0,310.0,1212,67.9,30,0,No Failure,82.29480000000001
L,301.1,310.4,1312,73.6,49,1,Power Failure,96.5632
M,301.4,310.7,1368,63.7,92,1,Power Failure,87.14160000000001
L,301.4,310.6,1578,33.0,181,0,No Failure,52.074
M,301.4,310.5,1451,45.3,183,0,No Failure,65.7303
L,301.5,310.5,1644,34.9,186,0,No Failure,57.3756
L,301.4,310.4,1388,45.3,188,0,No Failure,62.8764
L,301.4,310.4,1543,40.9,190,0,No Failure,63.1087
L,301.3,310.4,1501,41.6,192,0,No Failure,62.4416
L,301.3,310.4,1507,39.1,194,0,No Failure,58.923700000000004
L,301.4,310.4,1559,36.0,196,0,No Failure,56.124
L,301.5,310.5,1528,35.7,198,0,No Failure,54.549600000000005
M,301.5,310.5,1503,38.2,200,0,No Failure,57.41460000000001
L,301.5,310.5,1372,44.0,203,0,No Failure,60.368
M,301.5,310.5,1600,32.8,205,0,No Failure,52.47999999999999
L,301.5,310.6,1453,44.0,208,0,No Failure,63.932
M,301.6,310.7,1813,24.6,210,0,No Failure,44.5998
L,301.6,310.7,1457,40.4,213,0,No Failure,58.86279999999999
L,301.6,310.6,1222,70.0,62,0,No Failure,85.54
L,301.6,310.6,1321,60.8,73,0,No Failure,80.3168
M,301.6,310.6,1309,65.8,75,1,Power Failure,86.1322
M,301.5,310.5,1308,60.5,139,0,No Failure,79.134
H,301.4,310.5,1421,43.8,182,0,No Failure,62.239799999999995
M,301.3,310.4,1501,39.8,187,0,No Failure,59.739799999999995
M,301.3,310.4,2093,18.7,190,0,No Failure,39.1391
L,301.3,310.4,1504,47.2,193,0,No Failure,70.9888
L,301.3,310.4,1538,38.4,195,0,No Failure,59.0592
L,301.3,310.4,1440,41.5,197,0,No Failure,59.76
L,301.3,310.4,1414,51.4,199,0,No Failure,72.6796
H,301.4,310.5,1536,39.9,201,0,No Failure,61.28639999999999
L,301.4,310.5,1476,39.2,206,0,No Failure,57.8592
L,301.4,310.5,1571,33.9,208,0,No Failure,53.256899999999995
L,301.5,310.6,1998,20.2,210,0,No Failure,40.3596
L,301.5,310.6,1357,42.1,212,0,No Failure,57.12970000000001
L,301.6,310.7,1424,50.5,214,0,No Failure,71.912
L,301.6,310.7,1380,51.8,216,1,Overstrain Failure,71.484
L,301.5,310.7,1618,35.5,218,0,No Failure,57.439
L,301.5,310.6,1579,28.0,220,0,No Failure,44.212
L,301.5,310.7,1423,44.0,222,0,No Failure,62.612
L,301.5,310.7,1435,38.5,224,0,No Failure,55.2475
M,301.5,310.7,1336,65.6,0,1,Power Failure,87.6416
M,301.7,310.9,1300,62.7,36,0,No Failure,81.51
L,301.4,310.7,1280,61.0,106,0,No Failure,78.08
L,301.7,311.0,1585,35.9,185,0,No Failure,56.9015
M,301.7,311.0,1505,44.0,187,0,No Failure,66.22
M,301.7,311.0,1505,37.1,190,0,No Failure,55.8355
L,301.6,310.9,1706,29.5,193,0,No Failure,50.327
L,301.6,310.9,1385,50.7,195,0,No Failure,70.2195
L,301.8,311.1,1495,36.9,197,0,No Failure,55.1655
M,301.8,311.1,1663,31.6,199,0,No Failure,52.5508
L,301.8,311.2,1840,26.6,202,0,No Failure,48.944
L,301.8,311.2,1822,26.2,204,0,No Failure,47.7364
L,301.7,311.1,1644,32.8,206,0,No Failure,53.923199999999994
L,301.7,311.0,1441,44.3,208,1,Tool Wear Failure,63.836299999999994
L,301.1,311.0,1565,52.3,183,0,No Failure,81.8495
M,301.1,311.1,1384,42.5,185,0,No Failure,58.82
L,301.1,311.1,1387,53.1,188,0,No Failure,73.6497
L,301.1,311.0,1378,51.1,190,0,No Failure,70.4158
L,301.0,310.9,1809,25.7,192,0,No Failure,46.491299999999995
H,301.1,311.0,1339,52.8,194,0,No Failure,70.69919999999999
M,301.0,311.0,1423,38.6,199,0,No Failure,54.927800000000005
L,301.1,311.1,1570,41.6,202,0,No Failure,65.312
L,301.2,311.2,1558,34.1,204,0,No Failure,53.1278
L,301.1,311.1,1799,21.7,206,0,No Failure,39.03829999999999
M,301.1,311.2,1591,35.0,208,0,No Failure,55.685
L,301.2,311.2,1635,29.6,211,0,No Failure,48.396
L,301.3,311.3,1509,42.5,213,0,No Failure,64.1325
M,301.3,311.4,1838,23.2,215,0,No Failure,42.6416
L,301.0,311.6,1352,63.5,143,0,No Failure,85.852
L,300.8,311.2,1481,38.5,181,0,Random Failures,57.0185
H,300.9,311.3,1668,28.9,183,0,No Failure,48.2052
L,301.0,311.4,1484,36.2,188,0,No Failure,53.720800000000004
M,300.9,311.3,1603,31.8,190,0,No Failure,50.9754
L,301.0,311.4,1481,37.5,193,0,No Failure,55.5375
L,301.0,311.5,1559,31.8,195,0,No Failure,49.57620000000001
L,301.0,311.5,1444,39.8,197,0,No Failure,57.471199999999996
M,301.2,311.6,1423,48.0,199,0,No Failure,68.304
L,301.1,311.6,1432,48.1,202,0,No Failure,68.8792
L,301.2,311.7,1463,48.3,204,0,No Failure,70.6629
L,301.2,311.7,1433,49.3,206,0,No Failure,70.64689999999999
L,301.2,311.6,1461,52.9,208,1,Overstrain Failure,77.28689999999999
M,301.1,311.6,1266,55.5,210,0,No Failure,70.263
L,300.8,311.4,1322,67.2,18,1,Power Failure,88.83840000000001
L,300.9,311.2,1353,60.4,139,0,No Failure,81.7212
M,300.6,310.7,1705,31.2,181,0,No Failure,53.196
M,300.5,310.6,1621,32.0,184,0,No Failure,51.872
M,300.6,310.7,1566,38.2,187,0,No Failure,59.821200000000005
M,300.6,310.7,1388,42.9,190,0,No Failure,59.545199999999994
M,300.6,310.7,1457,36.7,193,0,No Failure,53.4719
M,300.6,310.6,1463,45.5,196,0,No Failure,66.5665
L,300.5,310.5,1564,38.2,199,0,No Failure,59.744800000000005
H,300.5,310.6,1411,47.2,201,0,No Failure,66.5992
L,300.5,310.6,1540,46.7,206,0,No Failure,71.918
L,300.5,310.6,1950,20.3,208,0,No Failure,39.585
L,300.4,310.4,1298,61.4,19,0,No Failure,79.6972
L,300.7,310.7,1333,61.0,177,0,No Failure,81.313
M,300.7,310.6,1439,41.7,184,0,No Failure,60.0063
L,300.7,310.6,1491,43.2,187,0,No Failure,64.41120000000001
M,300.7,310.6,1488,39.2,189,0,No Failure,58.329600000000006
L,300.7,310.5,1536,47.4,192,0,No Failure,72.8064
L,300.7,310.5,1960,21.0,194,0,No Failure,41.16
M,300.7,310.5,1594,31.0,196,0,No Failure,49.414
L,300.7,310.5,1357,52.6,199,0,No Failure,71.37819999999999
L,300.7,310.5,1445,41.1,201,0,No Failure,59.3895
L,300.7,310.4,1543,47.3,203,0,No Failure,72.98389999999999
L,300.7,310.4,1366,52.6,205,0,No Failure,71.8516
L,300.7,310.3,1458,40.0,207,0,No Failure,58.32
L,300.7,310.4,1416,61.8,209,1,Power Failure,87.50880000000001
L,300.6,310.3,1794,24.4,211,0,No Failure,43.7736
L,300.6,310.3,1484,41.0,213,0,No Failure,60.844
L,300.6,310.4,2514,13.4,215,0,No Failure,33.687599999999996
L,300.6,310.3,1648,30.5,217,1,Tool Wear Failure,50.264
M,300.5,309.9,1343,63.7,124,0,No Failure,85.54910000000001
L,300.2,310.0,1486,40.1,182,0,No Failure,59.5886
L,300.2,310.0,1389,53.6,184,0,No Failure,74.4504
L,300.1,310.0,1511,41.7,186,0,No Failure,63.008700000000005
M,300.2,310.1,1485,40.5,188,0,No Failure,60.1425
L,300.2,310.2,1440,42.9,191,0,No Failure,61.776
L,300.2,310.2,1378,43.9,193,0,No Failure,60.4942
M,300.1,310.1,1501,39.3,195,0,No Failure,58.98929999999999
M,300.2,310.1,1474,44.0,198,0,No Failure,64.856
L,300.2,310.1,1392,47.9,201,0,No Failure,66.6768
M,300.3,310.2,1429,44.7,203,0,No Failure,63.8763
L,300.3,310.3,1362,60.3,206,1,Overstrain Failure,82.12859999999999
L,300.1,310.1,1306,64.7,57,0,No Failure,84.4982
L,300.0,309.7,1326,61.9,80,0,No Failure,82.07939999999999
M,299.8,309.7,1320,61.7,134,0,No Failure,81.444
M,299.9,310.0,1484,42.1,182,0,No Failure,62.4764
H,299.9,310.1,1447,51.4,185,0,No Failure,74.3758
M,300.0,310.2,1393,51.2,190,0,No Failure,71.3216
L,300.0,310.2,1760,26.9,193,0,No Failure,47.344
L,300.0,310.1,1477,34.6,195,0,No Failure,51.104200000000006
L,299.9,310.1,1681,29.1,197,0,No Failure,48.917100000000005
M,300.0,310.1,1314,53.5,199,0,No Failure,70.299
L,300.0,310.1,1762,28.0,202,0,No Failure,49.336
L,299.9,310.0,1402,44.7,204,0,No Failure,62.6694
M,300.1,310.2,1429,42.0,206,0,No Failure,60.018
M,300.2,310.3,1448,40.1,209,0,No Failure,58.064800000000005
H,300.2,310.4,1501,42.9,212,0,No Failure,64.3929
L,300.3,310.5,1522,39.1,217,0,No Failure,59.510200000000005
L,300.3,310.4,1493,37.5,219,0,No Failure,55.9875
M,300.2,310.3,1704,29.4,221,0,No Failure,50.0976
L,299.9,310.2,1288,69.6,62,1,Power Failure,89.64479999999999
M,300.2,310.4,1202,61.7,74,0,No Failure,74.16340000000001
M,299.9,310.5,1576,39.4,183,0,No Failure,62.09439999999999
L,300.0,310.5,1517,42.2,186,0,No Failure,64.0174
M,299.9,310.4,1576,34.3,188,0,No Failure,54.056799999999996
H,299.8,310.2,1537,36.6,191,0,No Failure,56.254200000000004
L,299.8,310.3,1524,34.2,196,0,No Failure,52.1208
M,299.8,310.3,1805,23.7,198,0,No Failure,42.7785
M,299.9,310.4,1367,53.3,201,0,No Failure,72.8611
L,299.8,310.4,1694,30.3,204,0,No Failure,51.3282
L,299.9,310.4,1328,49.9,206,0,No Failure,66.2672
H,299.9,310.5,1549,42.8,208,0,No Failure,66.2972
L,299.9,310.5,1539,32.8,213,0,No Failure,50.4792
L,299.8,310.5,1496,38.8,215,0,No Failure,58.044799999999995
L,299.6,310.2,1381,60.5,13,0,No Failure,83.5505
M,299.5,310.1,1359,61.1,67,0,No Failure,83.03490000000001
L,300.0,311.0,1637,33.6,181,0,No Failure,55.00320000000001
M,300.1,311.1,1616,35.2,183,0,No Failure,56.8832
L,300.1,311.1,1619,33.4,186,0,No Failure,54.0746
L,300.1,311.2,1489,39.1,188,0,No Failure,58.2199
M,300.1,311.2,1452,42.4,190,0,No Failure,61.5648
M,300.1,311.3,1495,41.0,193,0,No Failure,61.295
M,300.2,311.4,1427,39.7,196,0,No Failure,56.651900000000005
L,300.1,311.4,1572,36.2,199,0,No Failure,56.906400000000005
L,300.1,311.3,1547,40.0,201,0,No Failure,61.88
M,300.1,311.4,1342,48.5,203,0,No Failure,65.087
L,300.0,311.2,1351,44.1,206,0,No Failure,59.5791
L,300.0,311.3,1407,47.3,208,0,No Failure,66.55109999999999
M,300.1,311.4,1575,29.8,210,0,No Failure,46.935
M,300.0,311.4,1791,24.1,213,0,No Failure,43.16310000000001
M,300.0,311.4,1692,29.0,216,1,Tool Wear Failure,49.068
M,300.0,311.4,1352,61.8,10,0,No Failure,83.55359999999999
M,300.3,311.6,1304,62.8,118,0,No Failure,81.8912
M,300.3,311.8,1483,45.1,181,0,No Failure,66.8833
M,300.2,311.8,1748,28.5,184,0,No Failure,49.818
L,300.3,311.8,1746,26.3,187,0,No Failure,45.9198
L,300.2,311.8,1410,51.4,189,0,No Failure,72.474
L,300.2,311.7,1640,30.8,191,0,No Failure,50.512
H,300.3,311.7,1655,29.9,193,0,No Failure,49.4845
M,300.3,311.7,1646,28.9,198,0,No Failure,47.569399999999995
L,300.4,311.8,1589,42.0,201,0,No Failure,66.738
L,300.5,311.9,1546,39.4,203,0,No Failure,60.91239999999999
L,300.5,311.9,1511,41.8,205,0,No Failure,63.1598
L,300.5,311.9,1750,28.3,207,0,No Failure,49.525
M,300.5,311.9,1730,27.5,209,0,No Failure,47.575
L,300.6,311.9,1372,60.1,212,1,Overstrain Failure,82.4572
L,300.5,311.8,1524,38.9,214,1,Tool Wear Failure,59.2836
L,300.1,311.3,1305,64.7,66,0,No Failure,84.4335
L,300.3,311.3,1332,60.5,112,0,No Failure,80.586
M,300.3,311.2,1381,65.2,136,1,Power Failure,90.0412
L,300.2,311.0,1255,71.8,149,1,Power Failure,90.109
L,300.3,311.1,1480,46.6,185,0,No Failure,68.968
L,300.4,311.2,1472,37.3,187,0,No Failure,54.9056
L,300.4,311.1,1397,50.8,189,0,No Failure,70.96759999999999
L,300.4,311.1,1589,35.5,191,0,No Failure,56.4095
L,300.4,311.1,1405,54.1,193,0,No Failure,76.0105
L,300.4,311.1,2013,20.1,195,0,No Failure,40.4613
L,300.4,311.0,1802,26.0,197,0,No Failure,46.852
M,300.4,311.0,1433,46.1,199,0,No Failure,66.0613
M,300.5,311.1,1296,61.3,202,1,Overstrain Failure,79.4448
M,300.5,311.2,1551,36.6,205,0,No Failure,56.766600000000004
L,300.5,311.2,1270,67.5,208,1,Overstrain Failure,85.725
L,300.4,311.2,1351,62.0,18,0,No Failure,83.762
M,300.5,311.7,1269,64.0,87,0,No Failure,81.216
M,300.6,311.7,1424,50.8,182,0,No Failure,72.33919999999999
L,300.6,311.7,1528,43.9,185,0,No Failure,67.0792
L,300.6,311.8,1539,37.0,187,0,No Failure,56.943
L,300.7,311.8,1336,58.4,189,1,Overstrain Failure,78.02239999999999
L,300.5,311.6,1525,37.6,191,0,No Failure,57.34
M,300.5,311.6,1456,51.1,193,0,No Failure,74.4016
M,300.5,311.7,2141,17.2,196,0,No Failure,36.825199999999995
M,300.5,311.6,1476,39.1,199,0,No Failure,57.7116
L,300.5,311.6,1509,47.2,202,0,No Failure,71.2248
L,300.5,311.6,1447,45.4,204,0,No Failure,65.6938
L,300.6,311.7,1448,49.1,206,0,No Failure,71.0968
L,300.6,311.7,1428,52.6,208,0,No Failure,75.11280000000001
M,300.6,311.7,1389,52.1,210,0,No Failure,72.36690000000002
L,300.7,311.7,1635,32.4,213,0,No Failure,52.974
L,300.7,311.7,1395,43.7,215,0,No Failure,60.96150000000001
L,300.7,311.8,1443,43.7,217,0,No Failure,63.05910000000001
M,300.7,311.7,1412,49.1,219,0,No Failure,69.3292
L,300.7,311.7,1524,43.5,222,0,No Failure,66.294
M,300.7,311.8,1407,42.4,224,0,No Failure,59.6568
L,300.8,311.7,1397,43.5,227,0,No Failure,60.7695
M,300.7,311.7,1504,36.9,229,0,No Failure,55.4976
M,300.7,311.7,2097,18.9,232,1,Tool Wear Failure,39.6333
H,300.6,311.5,1282,60.2,24,0,No Failure,77.17640000000002
M,300.7,311.6,1348,62.5,36,0,No Failure,84.25
M,300.5,312.0,1263,60.8,146,0,No Failure,76.79039999999999
M,300.5,311.8,1591,42.0,182,0,No Failure,66.822
M,300.4,311.7,1478,39.9,185,0,No Failure,58.972199999999994
M,300.4,311.8,1362,47.6,188,0,No Failure,64.83120000000001
L,300.5,311.8,1368,57.9,191,1,Overstrain Failure,79.2072
M,300.3,311.7,1723,28.3,193,0,No Failure,48.7609
L,300.4,311.8,1689,30.8,196,0,No Failure,52.02120000000001
L,300.4,311.8,1272,59.2,198,1,Overstrain Failure,75.3024
M,300.4,311.7,1511,33.0,200,0,No Failure,49.863
H,300.4,311.6,1715,30.8,203,0,No Failure,52.822
L,300.4,311.6,1200,76.6,3,1,Power Failure,91.92
L,300.3,311.5,1403,60.1,58,0,No Failure,84.3203
L,299.8,311.1,1300,64.2,165,0,No Failure,83.46
L,300.0,311.4,1484,37.0,183,0,No Failure,54.908
L,300.0,311.4,1604,38.7,185,0,No Failure,62.0748
L,300.0,311.4,1483,45.6,187,0,No Failure,67.62480000000001
L,300.1,311.5,1549,34.7,189,0,No Failure,53.7503
L,300.1,311.4,1604,35.0,191,0,No Failure,56.14
L,300.2,311.5,1685,31.0,193,0,No Failure,52.235
L,300.2,311.6,1372,49.2,195,0,No Failure,67.50240000000001
L,300.3,311.6,1374,47.4,197,0,No Failure,65.1276
L,300.2,311.6,1606,31.0,199,0,No Failure,49.786
L,300.1,311.5,1471,47.2,201,0,No Failure,69.4312
L,300.1,311.5,1659,31.1,203,0,No Failure,51.5949
M,300.1,311.7,1400,48.5,205,0,No Failure,67.9
L,300.1,311.7,1503,42.6,208,0,No Failure,64.0278
L,300.2,311.8,1798,23.2,210,0,No Failure,41.7136
M,300.2,311.6,1608,35.0,212,0,No Failure,56.28
L,300.2,311.6,1322,50.9,215,0,No Failure,67.2898
H,300.2,311.6,1547,37.7,217,0,No Failure,58.3219
M,300.3,311.7,1374,47.9,222,1,Tool Wear Failure,65.81459999999998
M,300.7,312.4,1371,61.7,102,0,No Failure,84.5907
L,300.7,311.9,1462,39.7,181,0,No Failure,58.0414
M,300.8,312.0,1450,45.0,183,0,No Failure,65.25
H,300.7,311.9,1389,46.5,186,0,No Failure,64.5885
M,300.7,311.9,1697,28.2,191,0,No Failure,47.8554
L,300.7,311.9,1335,57.1,194,1,Overstrain Failure,76.2285
L,300.7,311.9,1476,42.0,196,0,No Failure,61.992
L,300.6,311.7,1497,43.6,198,0,No Failure,65.2692
M,300.6,311.6,1669,29.2,200,0,No Failure,48.73479999999999
L,300.6,311.6,1455,48.0,203,0,No Failure,69.84
L,300.7,311.7,1499,38.4,205,0,No Failure,57.5616
L,300.7,311.8,1478,41.9,207,0,No Failure,61.9282
L,300.8,311.8,1928,21.8,209,0,No Failure,42.0304
M,300.8,311.9,1621,28.3,211,0,No Failure,45.874300000000005
M,300.8,311.9,1356,44.3,214,0,No Failure,60.0708
L,300.8,311.7,1490,46.4,217,0,No Failure,69.136
L,300.8,311.7,1578,31.4,219,0,No Failure,49.5492
L,300.8,311.7,1681,31.3,221,0,No Failure,52.615300000000005
L,300.8,311.8,1417,43.4,223,0,No Failure,61.4978
M,300.8,312.0,1274,67.3,159,0,No Failure,85.7402
L,300.8,311.8,1323,61.1,178,0,No Failure,80.8353
M,300.9,312.0,1375,56.1,182,0,No Failure,77.1375
M,300.9,312.0,1402,50.7,185,0,No Failure,71.0814
L,300.9,312.0,1500,44.2,188,0,No Failure,66.3
M,301.0,312.0,1558,37.5,190,0,No Failure,58.425
M,300.9,312.0,1447,41.4,193,0,No Failure,59.90579999999999
L,301.0,312.0,1518,39.3,196,0,No Failure,59.657399999999996
L,301.0,311.9,1889,23.5,198,0,No Failure,44.3915
L,301.0,312.1,1675,30.7,200,0,No Failure,51.4225
H,300.9,312.0,1720,27.9,202,0,No Failure,47.988
M,301.0,312.0,1499,34.6,207,0,No Failure,51.8654
L,300.9,312.0,1441,43.8,210,0,No Failure,63.11579999999999
H,300.9,312.0,1397,42.7,212,0,No Failure,59.651900000000005
L,300.9,312.0,1493,38.7,217,0,No Failure,57.77910000000001
M,300.8,312.0,1422,50.7,219,0,No Failure,72.09540000000001
L,300.7,311.9,1399,50.2,222,1,Overstrain Failure,70.2298
L,300.6,311.9,1425,44.9,224,0,No Failure,63.9825
L,300.6,311.8,1501,44.8,226,0,No Failure,67.2448
L,300.3,311.8,1413,46.0,182,0,No Failure,64.998
M,300.3,311.9,1429,41.6,184,0,No Failure,59.446400000000004
L,300.3,311.9,1692,31.5,187,0,No Failure,53.298
L,300.4,311.9,1476,48.7,189,0,No Failure,71.88119999999999
M,300.4,312.0,1596,30.4,191,0,No Failure,48.51839999999999
H,300.3,311.9,1390,49.0,194,0,No Failure,68.11
M,300.3,311.8,1607,33.7,199,0,No Failure,54.1559
L,300.3,311.7,1821,26.3,202,0,No Failure,47.892300000000006
H,300.3,311.8,2141,18.5,204,0,No Failure,39.6085
M,300.4,311.8,1553,33.1,209,1,Tool Wear Failure,51.404300000000006
L,299.7,311.2,1835,23.7,183,0,No Failure,43.4895
M,299.7,311.1,1649,32.7,185,0,No Failure,53.9223
L,299.8,311.1,1452,47.3,188,0,No Failure,68.6796
L,299.8,311.1,2144,17.7,190,0,No Failure,37.9488
L,299.7,311.1,1554,41.0,192,0,No Failure,63.714
L,299.7,311.0,1827,25.4,194,0,No Failure,46.40579999999999
L,299.6,310.9,1448,46.3,196,0,No Failure,67.0424
M,299.6,310.9,1530,38.8,198,0,No Failure,59.36399999999999
L,299.7,311.0,1983,21.0,201,0,No Failure,41.643
M,299.7,310.9,1620,37.2,203,0,No Failure,60.26400000000001
M,299.6,310.9,1630,29.8,206,0,No Failure,48.574
L,299.6,310.9,1229,65.2,209,1,Overstrain Failure,80.13080000000001
L,299.5,310.8,1873,22.3,211,0,No Failure,41.767900000000004
L,299.4,310.7,1426,45.7,213,0,No Failure,65.1682
L,299.4,310.8,1376,53.9,215,1,Overstrain Failure,74.1664
L,299.4,310.8,1622,33.6,217,0,No Failure,54.4992
M,299.4,310.7,1492,45.7,219,0,No Failure,68.18440000000001
M,299.3,310.7,1374,48.9,222,0,No Failure,67.1886
L,299.2,310.7,1737,27.0,225,1,Tool Wear Failure,46.899
L,299.2,310.6,1370,61.9,42,0,No Failure,84.803
L,299.1,310.5,1389,61.4,64,0,No Failure,85.2846
M,299.0,310.3,1303,68.6,111,1,Power Failure,89.38579999999999
M,299.1,310.8,1517,38.4,185,0,No Failure,58.25279999999999
L,299.1,310.7,1309,51.1,188,0,No Failure,66.88990000000001
L,298.9,310.6,1363,52.6,190,0,No Failure,71.6938
M,299.0,310.6,1787,22.2,192,0,No Failure,39.6714
L,298.9,310.5,1640,29.2,195,0,No Failure,47.888
M,298.9,310.6,1720,25.3,197,0,No Failure,43.516
L,298.8,310.5,1384,52.8,200,0,No Failure,73.0752
H,298.8,310.5,1294,55.8,202,0,No Failure,72.20519999999999
L,298.8,310.5,1464,46.4,207,0,No Failure,67.9296
L,298.8,310.6,1803,25.4,209,0,No Failure,45.7962
L,298.8,310.6,1602,39.1,211,0,No Failure,62.638200000000005
H,298.9,310.6,1519,38.8,213,0,No Failure,58.9372
M,298.9,310.7,1638,33.6,218,0,No Failure,55.0368
H,298.9,310.6,1615,33.0,221,0,No Failure,53.295
M,298.7,310.1,1402,69.7,64,1,Power Failure,97.71940000000001
M,298.7,309.5,1487,33.6,183,0,No Failure,49.96320000000001
M,298.7,309.6,1382,48.1,186,0,No Failure,66.4742
M,298.7,309.6,1686,26.2,189,0,No Failure,44.173199999999994
L,298.6,309.6,1491,36.9,192,0,No Failure,55.017900000000004
L,298.7,309.6,1442,55.6,194,0,No Failure,80.1752
L,298.6,309.6,1390,50.3,196,0,No Failure,69.917
L,298.7,309.6,1502,46.7,198,0,No Failure,70.14340000000001
M,298.6,309.6,1344,59.4,200,0,No Failure,79.83359999999999
L,298.5,309.5,1385,46.3,203,1,Tool Wear Failure,64.12549999999999
L,298.6,309.6,1353,62.5,9,0,No Failure,84.5625
L,298.8,309.7,1225,63.4,37,0,No Failure,77.665
M,298.8,309.9,1331,61.6,46,0,No Failure,81.98960000000001
M,298.8,309.8,1288,61.9,79,0,No Failure,79.7272
H,298.9,310.3,1243,63.0,163,0,No Failure,78.309
L,299.0,310.3,1577,40.0,181,0,No Failure,63.08
L,298.9,310.2,1304,57.2,183,0,No Failure,74.5888
H,298.9,310.1,1324,54.6,185,0,No Failure,72.2904
L,298.8,310.0,1537,39.9,190,0,No Failure,61.326299999999996
M,298.8,310.1,1501,48.7,192,0,No Failure,73.0987
M,298.7,309.9,1654,29.1,195,0,No Failure,48.1314
M,298.7,310.0,1519,38.1,198,0,No Failure,57.8739
L,298.7,309.9,1371,51.3,201,0,No Failure,70.3323
L,298.7,309.8,1181,65.9,203,1,Overstrain Failure,77.82790000000001
L,298.6,309.8,1469,42.8,205,0,No Failure,62.8732
L,298.6,309.8,1637,34.6,207,0,No Failure,56.64020000000001
M,298.6,309.7,1280,64.1,71,0,No Failure,82.048
M,298.5,309.7,1354,60.8,96,0,No Failure,82.3232
M,298.2,309.5,1478,36.5,182,0,No Failure,53.947
L,298.2,309.4,1447,47.1,185,0,No Failure,68.1537
L,298.2,309.4,1443,45.4,187,0,No Failure,65.51219999999999
L,298.3,309.6,1527,30.9,189,0,No Failure,47.18429999999999
M,298.3,309.6,1469,54.8,191,0,No Failure,80.5012
M,298.3,309.6,1681,27.1,194,0,No Failure,45.5551
L,298.3,309.6,1420,44.1,197,0,No Failure,62.622
M,298.3,309.5,1543,49.9,199,0,No Failure,76.9957
L,298.4,309.5,1376,50.4,202,0,No Failure,69.3504
M,297.5,308.1,1334,72.0,151,1,Power Failure,96.048
M,297.4,308.0,1601,34.6,181,0,No Failure,55.394600000000004
L,297.4,308.0,1356,51.9,184,0,No Failure,70.37639999999999
M,297.5,308.2,1624,30.9,186,0,No Failure,50.181599999999996
L,297.5,308.2,1327,56.5,189,0,No Failure,74.9755
L,297.6,308.3,1410,47.0,191,0,No Failure,66.27
L,297.6,308.3,1478,42.3,193,0,No Failure,62.5194
L,297.6,308.4,1460,40.3,195,0,No Failure,58.837999999999994
L,297.5,308.3,1435,40.3,197,0,No Failure,57.830499999999994
H,297.4,308.2,1359,46.9,199,0,No Failure,63.7371
L,297.4,308.1,1729,31.7,204,0,No Failure,54.80929999999999
H,297.3,308.0,1384,49.1,206,0,No Failure,67.9544
L,297.4,308.2,1297,52.1,211,0,No Failure,67.5737
L,297.5,308.4,1633,33.3,213,0,No Failure,54.378899999999994
M,297.5,308.4,1505,37.2,215,0,No Failure,55.986000000000004
L,297.5,308.4,1433,50.0,218,0,No Failure,71.65
L,297.4,308.4,1369,50.6,220,1,Overstrain Failure,69.27140000000001
L,297.4,308.3,1475,40.5,222,1,Tool Wear Failure,59.7375
L,297.4,308.4,1328,61.8,98,0,No Failure,82.07039999999999
L,297.3,308.3,1268,60.6,119,0,No Failure,76.8408
L,297.2,308.5,1494,39.6,181,0,No Failure,59.1624
L,297.2,308.4,1605,30.0,183,0,No Failure,48.15
M,297.2,308.5,1353,46.5,185,0,No Failure,62.9145
L,297.2,308.5,1447,47.9,188,0,No Failure,69.3113
L,297.2,308.5,1588,40.4,190,0,No Failure,64.1552
H,297.2,308.5,1524,41.4,192,0,No Failure,63.093599999999995
M,297.2,308.5,1611,31.6,197,0,No Failure,50.90760000000001
M,297.2,308.5,1604,34.9,200,0,No Failure,55.9796
L,297.1,308.5,1483,46.9,203,0,No Failure,69.5527
L,297.1,308.4,1543,39.6,205,0,No Failure,61.1028
L,297.1,308.5,1323,44.4,207,1,Tool Wear Failure,58.7412
L,297.5,308.8,1603,36.7,184,0,No Failure,58.83010000000001
L,297.4,308.8,1620,33.4,186,0,No Failure,54.108
L,297.4,308.8,1353,49.4,188,0,No Failure,66.8382
L,297.5,308.8,1360,50.7,190,0,No Failure,68.952
L,297.5,308.6,1380,53.5,192,0,No Failure,73.83
M,297.5,308.7,1363,53.6,194,0,No Failure,73.05680000000001
M,297.4,308.6,1452,41.2,197,0,No Failure,59.8224
L,297.4,308.6,1680,32.8,200,0,No Failure,55.10399999999999
L,297.5,308.6,1536,39.0,202,0,No Failure,59.904
M,297.5,308.6,1255,60.7,77,0,No Failure,76.1785
M,297.4,308.9,1376,39.0,181,0,No Failure,53.664
M,297.3,308.7,1542,37.0,184,0,No Failure,57.054
L,297.3,308.7,1506,39.3,187,0,No Failure,59.18579999999999
L,297.3,308.7,1492,43.6,189,0,No Failure,65.05120000000001
H,297.3,308.8,1564,38.0,191,0,No Failure,59.432
H,297.4,308.9,1645,30.8,196,0,No Failure,50.666
M,297.4,308.9,1348,59.1,201,0,No Failure,79.66680000000001
M,297.4,308.8,1325,62.4,204,1,Tool Wear Failure,82.68
M,297.7,308.9,1327,63.7,21,0,No Failure,84.52990000000001
L,297.1,308.2,2267,15.7,181,0,No Failure,35.5919
M,297.1,308.2,1529,37.9,183,0,No Failure,57.9491
L,297.1,308.2,1402,51.2,186,0,No Failure,71.78240000000001
L,297.2,308.3,1693,28.0,188,0,No Failure,47.404
L,297.1,308.3,1496,45.8,190,0,No Failure,68.5168
L,297.1,308.1,1633,33.3,192,0,No Failure,54.378899999999994
L,297.1,308.2,1399,42.6,194,0,No Failure,59.5974
M,297.0,308.1,1363,45.3,196,0,No Failure,61.7439
H,297.1,308.2,1527,42.2,199,0,No Failure,64.4394
M,297.2,308.2,1405,42.5,204,0,No Failure,59.7125
M,297.3,308.3,1459,59.6,207,1,Power Failure,86.9564
M,297.4,308.4,1789,25.0,210,0,No Failure,44.725
L,297.4,308.4,1531,41.5,213,0,No Failure,63.5365
M,297.4,308.4,1620,35.8,215,0,No Failure,57.995999999999995
L,297.4,308.3,1284,60.3,50,0,No Failure,77.4252
L,297.0,307.7,1315,60.1,128,0,No Failure,79.0315
L,297.1,307.8,1406,60.4,133,0,No Failure,84.9224
M,297.1,307.8,1538,34.3,181,0,No Failure,52.75339999999999
L,297.2,307.9,1337,58.1,184,0,No Failure,77.6797
L,297.3,307.9,1417,41.8,186,0,No Failure,59.230599999999995
L,297.4,308.0,1383,46.2,188,0,No Failure,63.894600000000004
M,297.4,308.0,1440,42.4,190,0,No Failure,61.056
L,297.3,307.9,1579,34.4,193,0,No Failure,54.3176
L,297.2,307.9,1441,40.0,195,0,No Failure,57.64
M,297.2,307.9,1530,35.9,197,0,No Failure,54.927
L,297.2,308.0,1705,26.0,200,0,No Failure,44.33
H,297.2,308.0,1435,43.0,202,0,No Failure,61.705
M,297.2,308.1,1340,61.3,207,1,Overstrain Failure,82.142
L,297.2,308.1,1431,49.7,210,1,No Failure,71.1207
L,297.3,308.2,1396,52.7,212,1,Overstrain Failure,73.5692
M,297.3,308.1,1369,52.0,214,0,No Failure,71.188
L,297.3,308.1,1615,35.4,217,1,Tool Wear Failure,57.171
L,297.3,308.3,1309,61.5,56,0,No Failure,80.5035
L,297.2,307.9,1326,75.4,172,1,Power Failure,99.9804
L,297.1,307.8,1681,27.6,181,0,No Failure,46.39560000000001
M,297.1,307.9,1662,26.9,183,0,No Failure,44.7078
L,297.2,307.9,1989,20.3,186,0,No Failure,40.37670000000001
M,297.2,307.9,1747,29.0,188,0,No Failure,50.663
M,297.2,308.0,1765,31.1,191,0,No Failure,54.8915
L,297.3,308.1,1568,34.4,194,0,No Failure,53.9392
M,297.3,308.1,1709,30.6,196,0,No Failure,52.2954
M,297.3,308.1,1370,58.8,199,0,No Failure,80.556
L,297.3,308.1,1458,45.7,202,0,No Failure,66.6306
L,297.2,308.1,1712,30.9,204,0,No Failure,52.9008
L,297.3,308.1,1642,36.9,206,0,No Failure,60.5898
L,297.6,308.6,1326,62.4,173,0,No Failure,82.74239999999999
H,297.6,308.8,1385,44.4,181,0,No Failure,61.494
L,297.7,308.8,1896,24.5,186,0,No Failure,46.452
L,297.7,308.7,1474,46.8,188,0,No Failure,68.9832
M,297.7,308.8,1388,45.6,190,0,No Failure,63.2928
L,297.7,308.9,1715,27.2,193,0,No Failure,46.648
H,297.8,308.9,1650,32.2,195,0,No Failure,53.13000000000001
L,297.8,308.9,1871,25.6,200,1,Tool Wear Failure,47.897600000000004
L,297.8,309.0,1403,64.2,0,1,Power Failure,90.07260000000001
M,298.2,308.7,1269,60.9,163,0,No Failure,77.28209999999999
H,298.3,309.0,1823,25.9,181,0,No Failure,47.2157
M,298.2,309.1,1651,28.8,186,0,No Failure,47.5488
M,298.1,309.0,1533,36.1,189,0,No Failure,55.341300000000004
M,298.2,309.0,1508,40.5,192,0,No Failure,61.074
L,298.3,309.1,1616,31.1,195,0,No Failure,50.257600000000004
L,298.2,309.0,1651,31.5,197,0,No Failure,52.0065
L,298.2,309.1,1569,35.2,199,0,No Failure,55.2288
M,298.3,309.1,1296,58.7,201,0,No Failure,76.0752
L,298.2,308.8,1354,60.9,32,0,No Failure,82.45859999999999
L,298.2,308.8,1302,60.4,34,0,No Failure,78.6408
L,298.5,309.2,1504,33.7,182,0,No Failure,50.6848
H,298.5,309.1,2051,19.0,184,0,No Failure,38.969
L,298.5,309.1,1474,41.3,189,0,No Failure,60.8762
M,298.4,309.0,1507,36.1,191,0,No Failure,54.4027
L,298.4,308.9,1496,37.9,194,0,No Failure,56.6984
M,298.5,309.0,1921,22.0,196,0,No Failure,42.262
L,298.5,309.0,1450,40.5,199,0,No Failure,58.725
L,298.4,308.9,1402,44.8,201,0,No Failure,62.809599999999996
L,298.4,308.9,1501,50.0,203,0,No Failure,75.05
L,298.5,308.9,1725,31.9,205,0,No Failure,55.0275
H,298.5,308.9,1500,40.3,207,0,No Failure,60.449999999999996
H,298.5,309.0,1531,30.8,212,0,No Failure,47.1548
L,298.5,309.0,1458,44.8,217,0,No Failure,65.3184
L,297.7,308.2,2007,19.3,181,0,No Failure,38.735099999999996
M,297.7,308.1,1469,48.8,183,0,No Failure,71.68719999999999
M,297.7,308.1,2189,15.6,186,0,No Failure,34.1484
L,297.8,308.3,1435,50.1,189,0,No Failure,71.8935
H,297.9,308.4,1637,34.5,191,0,No Failure,56.4765
L,298.0,308.5,1664,28.3,196,0,No Failure,47.09120000000001
M,298.0,308.5,1666,31.0,198,0,No Failure,51.646
L,298.0,308.5,1404,46.6,201,0,No Failure,65.4264
L,298.0,308.5,1702,26.7,203,0,No Failure,45.443400000000004
L,298.1,308.6,1439,44.9,205,0,No Failure,64.6111
L,298.1,308.6,1354,53.9,207,1,Overstrain Failure,72.9806
L,298.9,309.6,1365,50.9,183,0,No Failure,69.4785
H,298.8,309.6,1309,57.4,185,0,No Failure,75.13659999999999
H,298.9,309.6,1546,35.3,190,0,No Failure,54.5738
L,298.9,309.6,1663,33.7,195,0,No Failure,56.0431
L,298.9,309.6,1589,34.2,197,0,No Failure,54.3438
M,298.9,309.6,1472,46.0,199,0,No Failure,67.712
L,298.9,309.6,1583,39.8,202,0,No Failure,63.00339999999999
M,298.9,309.6,1567,34.5,204,0,No Failure,54.0615
L,298.9,309.7,1407,41.9,207,0,No Failure,58.9533
M,299.0,309.7,1418,44.7,209,0,No Failure,63.384600000000006
M,299.0,309.7,1489,40.7,212,0,No Failure,60.6023
L,299.1,309.9,1586,36.6,215,0,No Failure,58.0476
L,299.1,309.8,1398,55.4,217,1,Overstrain Failure,77.44919999999999
L,299.2,309.9,1516,41.4,219,0,No Failure,62.7624
H,299.3,310.0,1373,44.8,221,0,No Failure,61.5104
M,299.2,310.0,1349,50.4,226,0,No Failure,67.9896
L,299.8,311.1,1412,42.5,181,0,No Failure,60.01
L,299.8,311.1,1588,38.0,183,0,No Failure,60.344
M,299.8,311.0,1948,20.0,185,0,No Failure,38.96
L,299.7,310.9,1384,48.2,188,0,No Failure,66.7088
L,299.7,310.8,1589,36.0,190,0,No Failure,57.204
M,299.7,310.8,1405,47.6,192,0,No Failure,66.878
L,299.7,310.9,1491,40.1,195,0,No Failure,59.7891
H,299.7,310.8,1418,46.6,197,0,No Failure,66.0788
M,299.6,310.8,1603,35.4,202,0,No Failure,56.746199999999995
L,299.6,310.7,1922,23.3,205,1,Tool Wear Failure,44.782599999999995
L,299.0,310.2,1377,62.5,92,1,Power Failure,86.0625
L,299.4,310.4,1582,31.7,181,0,No Failure,50.1494
L,299.2,310.2,1458,47.0,183,0,No Failure,68.526
L,299.1,310.1,1416,41.2,185,0,No Failure,58.339200000000005
H,299.1,310.0,1657,33.1,187,0,No Failure,54.846700000000006
M,299.1,310.0,1437,41.1,192,0,No Failure,59.060700000000004
M,299.1,310.0,1580,36.0,195,0,No Failure,56.88
M,299.0,310.0,1488,46.3,198,0,No Failure,68.89439999999999
L,299.0,309.9,1373,55.7,201,1,Overstrain Failure,76.4761
L,299.1,310.0,1367,56.3,203,1,Overstrain Failure,76.96209999999999
H,299.1,310.0,1431,49.5,205,0,No Failure,70.8345
L,299.0,310.1,1623,33.0,210,0,No Failure,53.559
L,299.0,310.0,1484,39.6,212,0,No Failure,58.766400000000004
L,299.0,309.9,1548,34.5,214,0,No Failure,53.406
L,298.9,309.8,1287,61.9,216,1,Overstrain Failure,79.6653
M,298.9,309.8,1392,43.1,218,0,No Failure,59.995200000000004
H,299.0,310.0,1458,44.9,221,0,No Failure,65.46419999999999
M,299.1,310.1,1570,30.9,226,0,No Failure,48.513
L,299.1,310.1,1435,48.8,229,1,Overstrain Failure,70.028
L,299.1,310.2,1317,54.8,231,1,Overstrain Failure,72.1716
L,299.2,310.3,1610,33.3,233,0,No Failure,53.61299999999999
M,299.1,310.3,1838,24.0,235,0,No Failure,44.112
L,299.2,310.3,1352,48.9,238,1,Overstrain Failure,66.11280000000001
L,299.1,310.3,1619,35.2,240,0,No Failure,56.988800000000005
L,299.1,310.3,1619,31.1,242,0,No Failure,50.3509
L,299.0,310.2,1690,30.7,244,0,No Failure,51.883
L,299.0,310.2,1412,44.1,246,0,No Failure,62.269200000000005
L,299.1,310.1,1336,61.3,94,0,No Failure,81.8968
L,298.8,310.1,1574,36.2,181,0,No Failure,56.9788
L,298.8,310.0,1611,32.4,183,0,No Failure,52.1964
L,298.8,310.0,1403,45.6,185,0,No Failure,63.976800000000004
L,298.8,310.1,1481,47.4,187,0,No Failure,70.1994
M,298.9,310.1,1441,41.2,189,0,No Failure,59.369200000000006
H,298.8,310.1,1483,45.4,192,0,No Failure,67.3282
L,298.7,310.0,1555,32.6,197,0,No Failure,50.693
L,298.6,309.9,1615,28.8,199,0,No Failure,46.512
L,298.6,309.8,1561,32.6,201,0,No Failure,50.888600000000004
L,298.5,309.8,1593,35.1,203,0,No Failure,55.914300000000004
M,298.5,309.7,1552,34.0,205,0,No Failure,52.768
H,298.5,309.7,1561,35.3,208,0,No Failure,55.1033
L,298.6,309.8,1597,35.9,213,0,No Failure,57.3323
M,298.6,309.9,1517,34.0,215,0,No Failure,51.578
L,298.6,309.8,2271,16.2,218,1,Tool Wear Failure,36.7902
L,298.5,309.5,1294,66.7,12,1,Power Failure,86.30980000000001
L,298.3,309.1,1417,60.5,143,0,No Failure,85.7285
M,298.6,309.5,1568,36.7,182,0,No Failure,57.54560000000001
L,298.6,309.4,1667,35.6,185,0,No Failure,59.345200000000006
L,298.5,309.4,1360,60.9,187,1,Overstrain Failure,82.824
M,298.5,309.3,1488,43.7,189,0,No Failure,65.02560000000001
L,298.4,309.3,1504,39.3,192,0,No Failure,59.1072
L,298.4,309.2,1610,32.4,194,0,No Failure,52.164
L,298.4,309.2,1345,52.7,196,0,No Failure,70.8815
M,298.3,309.3,1376,57.0,198,0,No Failure,78.432
L,298.4,309.4,1385,50.0,201,0,No Failure,69.25
M,298.4,309.4,1429,41.8,203,0,No Failure,59.7322
L,298.3,309.3,1337,56.1,206,1,Overstrain Failure,75.00569999999999
L,298.4,309.3,1542,35.4,208,0,No Failure,54.5868
L,298.4,309.2,2118,17.7,210,0,No Failure,37.4886
L,298.3,309.1,1386,45.3,212,0,No Failure,62.785799999999995
H,298.7,309.2,1449,42.3,182,0,No Failure,61.292699999999996
M,298.7,309.2,1423,48.9,187,0,No Failure,69.5847
H,298.7,309.3,1402,45.3,190,0,No Failure,63.5106
M,298.7,309.2,1437,45.7,195,0,No Failure,65.6709
L,298.6,309.1,1537,35.7,198,0,No Failure,54.8709
M,298.7,309.1,1423,49.5,200,0,No Failure,70.4385
M,298.6,309.1,1587,37.3,203,0,No Failure,59.1951
M,298.6,309.1,1487,43.2,206,0,No Failure,64.2384
L,298.6,308.2,1361,68.2,172,1,Power Failure,92.8202
H,298.6,308.3,1377,52.1,181,0,No Failure,71.7417
L,298.5,308.3,1334,49.8,186,0,No Failure,66.4332
L,298.6,308.4,1559,36.6,188,0,No Failure,57.059400000000004
L,298.7,308.5,1353,47.0,190,0,No Failure,63.591
M,298.7,308.4,1507,45.7,192,0,No Failure,68.86990000000002
L,298.7,308.4,1694,28.7,195,0,No Failure,48.617799999999995
H,298.7,308.4,1432,42.8,197,0,No Failure,61.2896
H,298.7,308.5,1572,35.6,202,0,No Failure,55.96320000000001
M,298.8,308.6,1507,42.3,207,0,No Failure,63.7461
M,298.8,308.6,1500,37.1,210,0,No Failure,55.65
L,298.9,308.6,1771,24.1,213,0,No Failure,42.68110000000001
